Date,Open,High,Low,Close,Adj Close,Volume
2021-05-07,2555.25,2555.25,2555.25,2555.25,2555.25,0
2021-05-10,2549.0,2549.0,2549.0,2549.0,2549.0,0
2021-05-11,2542.75,2542.75,2542.75,2542.75,2542.75,0
2021-05-12,2513.75,2513.75,2513.75,2513.75,2513.75,0
2021-05-13,2474.5,2474.5,2474.5,2474.5,2474.5,0
2021-05-14,2475.75,2475.75,2475.75,2475.75,2475.75,0
2021-05-17,2525.75,2525.75,2525.75,2525.75,2525.75,0
2021-05-18,2499.75,2499.75,2499.75,2499.75,2499.75,0
2021-05-19,2434.75,2434.75,2434.75,2434.75,2434.75,0
2021-05-20,2424.5,2424.5,2424.5,2424.5,2424.5,0
2021-05-21,2388.5,2388.5,2388.5,2388.5,2388.5,0
2021-05-24,2406.5,2406.5,2406.5,2406.5,2406.5,0
2021-05-25,2393.5,2393.5,2393.5,2393.5,2393.5,0
2021-05-26,2424.5,2424.5,2424.5,2424.5,2424.5,0
2021-05-27,2501.25,2501.25,2501.25,2501.25,2501.25,0
2021-05-28,2519.5,2519.5,2519.5,2519.5,2519.5,0
2021-06-01,2493.0,2493.0,2493.0,2493.0,2493.0,0
2021-06-02,2465.25,2465.25,2465.25,2465.25,2465.25,0
2021-06-03,2427.75,2427.75,2427.75,2427.75,2427.75,0
2021-06-04,2478.25,2478.25,2478.25,2478.25,2478.25,0
2021-06-07,2452.75,2452.75,2452.75,2452.75,2452.75,0
2021-06-08,2470.75,2470.75,2470.75,2470.75,2470.75,0
2021-06-09,2475.25,2475.25,2475.25,2475.25,2475.25,0
2021-06-10,2500.75,2500.75,2500.75,2500.75,2500.75,0
2021-06-11,2488.75,2488.75,2488.75,2488.75,2488.75,0
2021-06-14,2518.0,2518.0,2518.0,2518.0,2518.0,0
2021-06-15,2479.75,2479.75,2479.75,2479.75,2479.75,0
2021-06-16,2488.25,2488.25,2488.25,2488.25,2488.25,0
2021-06-17,2420.0,2420.0,2420.0,2420.0,2420.0,0
2021-06-18,2401.75,2401.75,2401.75,2401.75,2401.75,0
2021-06-21,2420.5,2420.5,2420.5,2420.5,2420.5,0
2021-06-22,2439.25,2439.25,2439.25,2439.25,2439.25,0
2021-06-23,2447.25,2447.25,2447.25,2447.25,2447.25,0
2021-06-24,2454.0,2454.0,2454.0,2454.0,2454.0,0
2021-06-25,2502.0,2502.0,2502.0,2502.0,2502.0,0
2021-06-28,2511.5,2511.5,2511.5,2511.5,2511.5,0
2021-06-29,2569.0,2569.0,2569.0,2569.0,2569.0,0
2021-06-30,2548.75,2548.75,2548.75,2548.75,2548.75,0
2021-07-01,2534.75,2534.75,2534.75,2534.75,2534.75,0
2021-07-02,2585.75,2585.75,2585.75,2585.75,2585.75,0
2021-07-06,2556.0,2556.0,2556.0,2556.0,2556.0,0
2021-07-07,2524.0,2524.0,2524.0,2524.0,2524.0,0
2021-07-08,2467.0,2467.0,2467.0,2467.0,2467.0,0
2021-07-09,2521.75,2521.75,2521.75,2521.75,2521.75,0
2021-07-12,2511.25,2511.25,2511.25,2511.25,2511.25,0
2021-07-13,2559.25,2559.25,2559.25,2559.25,2559.25,0
2021-07-14,2542.5,2542.5,2542.5,2542.5,2542.5,0
2021-07-15,2534.75,2534.75,2534.75,2534.75,2534.75,0
2021-07-16,2506.25,2506.25,2506.25,2506.25,2506.25,0
2021-07-19,2440.0,2440.0,2440.0,2440.0,2440.0,0
2021-07-20,2485.25,2485.25,2485.25,2485.25,2485.25,0
2021-07-21,2478.0,2478.0,2478.0,2478.0,2478.0,0
2021-07-22,2508.75,2508.75,2508.75,2508.75,2508.75,0
2021-07-23,2531.25,2531.25,2531.25,2531.25,2531.25,0
2021-07-26,2542.0,2542.0,2542.0,2542.0,2542.0,0
2021-07-27,2515.25,2515.25,2515.25,2515.25,2515.25,0
2021-07-28,2557.0,2557.0,2557.0,2557.0,2557.0,0
2021-07-29,2620.75,2620.75,2620.75,2620.75,2620.75,0
2021-07-30,2624.25,2624.25,2624.25,2624.25,2624.25,0
2021-08-02,2647.0,2647.0,2647.0,2647.0,2647.0,0
2021-08-03,2607.75,2607.75,2607.75,2607.75,2607.75,0
2021-08-04,2589.25,2589.25,2589.25,2589.25,2589.25,0
2021-08-05,2610.25,2610.25,2610.25,2610.25,2610.25,0
2021-08-06,2601.25,2601.25,2601.25,2601.25,2601.25,0
2021-08-09,2570.75,2570.75,2570.75,2570.75,2570.75,0
2021-08-10,2596.75,2596.75,2596.75,2596.75,2596.75,0
2021-08-11,2607.75,2607.75,2607.75,2607.75,2607.75,0
2021-08-12,2593.5,2593.5,2593.5,2593.5,2593.5,0
2021-08-13,2618.0,2618.0,2618.0,2618.0,2618.0,0
2021-08-16,2616.25,2616.25,2616.25,2616.25,2616.25,0
2021-08-17,2613.75,2613.75,2613.75,2613.75,2613.75,0
2021-08-18,2572.5,2572.5,2572.5,2572.5,2572.5,0
2021-08-19,2562.75,2562.75,2562.75,2562.75,2562.75,0
2021-08-20,2566.5,2566.5,2566.5,2566.5,2566.5,0
2021-08-23,2620.0,2620.0,2620.0,2620.0,2620.0,0
2021-08-24,2647.5,2647.5,2647.5,2647.5,2647.5,0
2021-08-25,2648.5,2648.5,2648.5,2648.5,2648.5,0
2021-08-26,2655.5,2655.5,2655.5,2655.5,2655.5,0
2021-08-27,2680.0,2680.0,2680.0,2680.0,2680.0,0
2021-08-30,2673.0,2673.0,2673.0,2673.0,2673.0,0
2021-08-31,2746.25,2746.25,2746.25,2746.25,2746.25,0
2021-09-01,2717.5,2717.5,2717.5,2717.5,2717.5,0
2021-09-02,2723.25,2723.25,2723.25,2723.25,2723.25,0
2021-09-03,2753.75,2753.75,2753.75,2753.75,2753.75,0
2021-09-07,2787.75,2787.75,2787.75,2787.75,2787.75,0
2021-09-08,2818.5,2818.5,2818.5,2818.5,2818.5,0
2021-09-09,2864.25,2864.25,2864.25,2864.25,2864.25,0
2021-09-10,2948.0,2948.0,2948.0,2948.0,2948.0,0
2021-09-13,2929.5,2929.5,2929.5,2929.5,2929.5,0
2021-09-14,2866.5,2866.5,2866.5,2866.5,2866.5,0
2021-09-15,2928.25,2928.25,2928.25,2928.25,2928.25,0
2021-09-16,2915.0,2918.0,2915.0,2918.0,2918.0,0
2021-09-17,2919.5,2919.5,2919.5,2919.5,2919.5,0
2021-09-20,2896.5,2896.5,2896.5,2896.5,2896.5,0
2021-09-21,2883.5,2883.5,2883.5,2883.5,2883.5,0
2021-09-22,2976.0,2976.0,2976.0,2976.0,2976.0,0
2021-09-23,2987.5,2987.5,2987.5,2987.5,2987.5,0
2021-09-24,2958.0,2958.0,2958.0,2958.0,2958.0,0
2021-09-27,2923.25,2923.25,2923.25,2923.25,2923.25,0
2021-09-28,2974.25,2974.25,2974.25,2974.25,2974.25,0
2021-09-29,2965.25,2965.25,2965.25,2965.25,2965.25,0
2021-09-30,2914.75,2914.75,2903.0,2903.0,2903.0,0
2021-10-01,2902.25,2902.25,2902.25,2902.25,2902.25,0
2021-10-04,2957.25,2957.25,2957.25,2957.25,2957.25,0
2021-10-05,2966.5,2966.5,2966.5,2966.5,2966.5,0
2021-10-06,2942.0,2942.0,2942.0,2942.0,2942.0,0
2021-10-07,2991.0,2991.0,2991.0,2991.0,2991.0,0
2021-10-08,3011.25,3011.25,3011.25,3011.25,3011.25,0
2021-10-11,3111.5,3111.5,3111.5,3111.5,3111.5,0
2021-10-12,3108.75,3108.75,3108.75,3108.75,3108.75,0
2021-10-13,3038.75,3038.75,3038.75,3038.75,3038.75,0
2021-10-14,3130.5,3130.5,3130.5,3130.5,3130.5,0
2021-10-15,3171.0,3171.0,3171.0,3171.0,3171.0,0
2021-10-18,3202.5,3202.5,3202.5,3202.5,3202.5,0
2021-10-19,3138.25,3138.25,3138.25,3138.25,3138.25,0
2021-10-20,3108.75,3108.75,3108.75,3108.75,3108.75,0
2021-10-21,2935.5,2935.5,2935.5,2935.5,2935.5,0
2021-10-22,2905.75,2907.75,2905.75,2907.75,2907.75,0
2021-10-25,2908.0,2908.0,2908.0,2908.0,2908.0,0
2021-10-26,2860.75,2866.5,2860.75,2866.5,2866.5,0
2021-10-27,2716.5,2716.5,2716.5,2716.5,2716.5,0
2021-10-28,2794.5,2794.5,2794.5,2794.5,2794.5,0
2021-10-29,2758.5,2758.5,2758.5,2758.5,2758.5,0
2021-11-01,2776.25,2776.25,2776.25,2776.25,2776.25,0
2021-11-02,2754.75,2754.75,2754.75,2754.75,2754.75,0
2021-11-03,2712.5,2712.5,2712.5,2712.5,2712.5,0
2021-11-04,2616.25,2616.25,2616.25,2616.25,2616.25,0
2021-11-05,2595.75,2595.75,2595.75,2595.75,2595.75,0
2021-11-08,2625.0,2625.0,2604.75,2604.75,2604.75,0
2021-11-09,2560.5,2560.5,2560.5,2560.5,2560.5,0
2021-11-10,2567.0,2567.0,2567.0,2567.0,2567.0,0
2021-11-11,2634.0,2634.0,2634.0,2634.0,2634.0,0
2021-11-12,2645.25,2645.25,2645.25,2645.25,2645.25,0
2021-11-15,2607.75,2607.75,2607.75,2607.75,2607.75,0
2021-11-16,2540.5,2540.5,2540.5,2540.5,2540.5,0
2021-11-17,2598.5,2598.5,2598.5,2598.5,2598.5,0
2021-11-18,2603.0,2603.0,2603.0,2603.0,2603.0,0
2021-11-19,2662.75,2662.75,2662.75,2662.75,2662.75,0
2021-11-22,2657.5,2657.5,2657.5,2657.5,2657.5,0
2021-11-23,2648.0,2648.0,2648.0,2648.0,2648.0,0
2021-11-24,2664.5,2664.5,2664.5,2664.5,2664.5,0
2021-11-26,2581.25,2581.25,2581.25,2581.25,2581.25,0
2021-11-29,2596.0,2596.0,2596.0,2596.0,2596.0,0
2021-11-30,2591.25,2591.25,2591.25,2591.25,2591.25,0
2021-12-01,2628.5,2628.5,2628.5,2628.5,2628.5,0
2021-12-02,2585.25,2585.25,2585.25,2585.25,2585.25,0
2021-12-03,2596.25,2596.25,2596.25,2596.25,2596.25,0
2021-12-06,2566.75,2566.75,2566.75,2566.75,2566.75,0
2021-12-07,2601.75,2601.75,2601.75,2601.75,2601.75,0
2021-12-08,2595.25,2595.25,2576.25,2576.25,2576.25,0
2021-12-09,2579.5,2579.5,2579.5,2579.5,2579.5,0
2021-12-10,2550.75,2550.75,2550.75,2550.75,2550.75,0
2021-12-13,2601.75,2601.75,2601.75,2601.75,2601.75,0
2021-12-14,2569.0,2569.0,2569.0,2569.0,2569.0,0
2021-12-15,2540.0,2540.0,2540.0,2540.0,2540.0,0
2021-12-16,2611.25,2611.25,2611.25,2611.25,2611.25,0
2021-12-17,2653.75,2653.75,2653.75,2653.75,2653.75,0
2021-12-20,2602.0,2602.0,2602.0,2602.0,2602.0,0
2021-12-21,2716.75,2716.75,2716.75,2716.75,2716.75,0
2021-12-22,2803.75,2803.75,2803.75,2803.75,2803.75,0
2021-12-23,2808.0,2808.0,2808.0,2808.0,2808.0,0
2021-12-27,2808.0,2808.0,2808.0,2808.0,2808.0,0
2021-12-28,2808.0,2808.0,2808.0,2808.0,2808.0,0
2021-12-29,2781.25,2781.25,2781.25,2781.25,2781.25,3
2021-12-30,2782.5,2782.5,2782.5,2782.5,2782.5,0
2021-12-31,2752.5,2752.5,2752.5,2752.5,2752.5,0
2022-01-03,2752.5,2752.5,2752.5,2752.5,2752.5,0
2022-01-04,2802.75,2802.75,2802.75,2802.75,2802.75,0
2022-01-05,2876.0,2876.0,2876.0,2876.0,2876.0,0
2022-01-06,2890.0,2890.0,2890.0,2890.0,2890.0,0
2022-01-07,2884.5,2884.5,2884.5,2884.5,2884.5,0
2022-01-10,2898.75,2898.75,2898.75,2898.75,2898.75,0
2022-01-11,2951.0,2951.0,2951.0,2951.0,2951.0,0
2022-01-12,2973.75,2973.75,2973.75,2973.75,2973.75,0
2022-01-13,2944.0,2944.0,2944.0,2944.0,2944.0,0
2022-01-14,2962.75,2962.75,2962.75,2962.75,2962.75,0
2022-01-18,3001.0,3001.0,3001.0,3001.0,3001.0,0
2022-01-19,3038.25,3038.25,3038.25,3038.25,3038.25,0
2022-01-20,3102.25,3102.25,3102.25,3102.25,3102.25,0
2022-01-21,3026.0,3026.0,3026.0,3026.0,3026.0,0
2022-01-24,3015.5,3015.5,3015.5,3015.5,3015.5,0
2022-01-25,3077.75,3077.75,3077.75,3077.75,3077.75,0
2022-01-26,3078.0,3078.0,3078.0,3078.0,3078.0,0
2022-01-27,3090.25,3090.25,3090.25,3090.25,3090.25,0
2022-01-28,3128.25,3128.25,3128.25,3128.25,3128.25,0
2022-01-31,3078.25,3078.25,3078.25,3078.25,3078.25,0
2022-02-01,3077.5,3077.5,3077.5,3077.5,3077.5,0
2022-02-02,3029.0,3029.0,3029.0,3029.0,3029.0,0
2022-02-03,3080.0,3080.0,3080.0,3080.0,3080.0,0
2022-02-04,3114.25,3114.25,3114.25,3114.25,3114.25,0
2022-02-07,3167.75,3167.75,3167.75,3167.75,3167.75,0
2022-02-08,3240.25,3240.25,3240.25,3240.25,3240.25,0
2022-02-09,3313.0,3313.0,3313.0,3313.0,3313.0,0
2022-02-10,3319.0,3319.0,3319.0,3319.0,3319.0,0
2022-02-11,3282.25,3282.25,3282.25,3282.25,3282.25,0
2022-02-14,3272.0,3272.0,3272.0,3272.0,3272.0,0
2022-02-15,3240.0,3272.5,3240.0,3272.5,3272.5,5
2022-02-16,3320.0,3320.0,3320.0,3320.0,3320.0,0
2022-02-17,3315.75,3315.75,3315.75,3315.75,3315.75,0
2022-02-18,3304.5,3304.5,3304.5,3304.5,3304.5,0
2022-02-22,3342.0,3342.0,3342.0,3342.0,3342.0,0
2022-02-23,3345.75,3345.75,3345.75,3345.75,3345.75,0
2022-02-24,3457.5,3457.5,3457.5,3457.5,3457.5,0
2022-02-25,3400.0,3406.0,3400.0,3406.0,3406.0,4
2022-02-28,3417.0,3417.0,3417.0,3417.0,3417.0,0
2022-03-01,3516.0,3516.0,3516.0,3516.0,3516.0,0
2022-03-02,3615.5,3615.5,3615.5,3615.5,3615.5,0
2022-03-03,3767.75,3767.75,3767.75,3767.75,3767.75,0
2022-03-04,3873.0,3873.0,3873.0,3873.0,3873.0,0
2022-03-07,3745.5,3745.5,3745.5,3745.5,3745.5,0
2022-03-08,3485.5,3485.5,3485.5,3485.5,3485.5,0
2022-03-09,3286.5,3286.5,3286.5,3286.5,3286.5,1
2022-03-10,3361.25,3361.25,3361.25,3361.25,3361.25,2
2022-03-11,3446.5,3446.5,3446.5,3446.5,3446.5,0
2022-03-14,3321.5,3321.5,3321.5,3321.5,3321.5,0
2022-03-15,3204.5,3204.5,3204.5,3204.5,3204.5,0
2022-03-16,3238.75,3238.75,3238.75,3238.75,3238.75,0
2022-03-17,3316.25,3316.25,3316.25,3316.25,3316.25,0
2022-03-18,3357.25,3357.25,3357.25,3357.25,3357.25,0
2022-03-21,3469.75,3469.75,3469.75,3469.75,3469.75,0
2022-03-22,3460.25,3460.25,3460.25,3460.25,3460.25,0
2022-03-23,3572.75,3572.75,3572.75,3572.75,3572.75,0
2022-03-24,3593.5,3593.5,3593.5,3593.5,3593.5,0
2022-03-25,3571.5,3571.5,3571.5,3571.5,3571.5,0
2022-03-28,3585.5,3585.5,3585.5,3585.5,3585.5,0
2022-03-29,3431.5,3431.5,3431.5,3431.5,3431.5,0
2022-03-30,3553.5,3553.5,3553.5,3553.5,3553.5,3
2022-03-31,3500.0,3500.0,3500.0,3500.0,3500.0,0
2022-04-01,3466.5,3466.5,3466.5,3466.5,3466.5,0
2022-04-04,3441.5,3441.5,3441.5,3441.5,3441.5,0
2022-04-05,3430.5,3430.5,3430.5,3430.5,3430.5,0
2022-04-06,3405.0,3405.0,3405.0,3405.0,3405.0,0
2022-04-07,3352.75,3352.75,3352.75,3352.75,3352.75,0
2022-04-08,3340.75,3340.75,3340.75,3340.75,3340.75,0
2022-04-11,3209.75,3209.75,3209.75,3209.75,3209.75,0
2022-04-12,3229.5,3229.5,3229.5,3229.5,3229.5,0
2022-04-13,3206.75,3206.75,3206.75,3206.75,3206.75,0
2022-04-14,3250.5,3250.5,3250.5,3250.5,3250.5,0
2022-04-18,3250.5,3250.5,3250.5,3250.5,3250.5,0
2022-04-19,3212.5,3212.5,3212.5,3212.5,3212.5,0
2022-04-20,3237.5,3237.5,3237.5,3237.5,3237.5,0
2022-04-21,3264.0,3264.0,3264.0,3264.0,3264.0,0
2022-04-22,3203.0,3203.0,3203.0,3203.0,3203.0,0
2022-04-25,3054.5,3054.5,3054.5,3054.5,3054.5,0
2022-04-26,3040.25,3040.25,3040.25,3040.25,3040.25,0
2022-04-27,3066.5,3066.5,3066.5,3066.5,3066.5,0
2022-04-28,2997.75,2997.75,2997.75,2997.75,2997.75,0
2022-04-29,3049.75,3049.75,3049.75,3049.75,3049.75,0
2022-05-02,3049.75,3049.75,3049.75,3049.75,3049.75,0
2022-05-03,2900.0,2900.0,2900.0,2900.0,2900.0,9
2022-05-04,2958.5,2958.5,2958.5,2958.5,2958.5,0
2022-05-05,2896.5,2896.5,2896.5,2896.5,2896.5,0
2022-05-06,2831.0,2831.0,2831.0,2831.0,2831.0,0
2022-05-09,2740.75,2740.75,2740.75,2740.75,2740.75,0
2022-05-10,2743.25,2743.25,2743.25,2743.25,2743.25,0
2022-05-11,2769.25,2769.25,2769.25,2769.25,2769.25,0
2022-05-12,2730.75,2730.75,2730.75,2730.75,2730.75,0
2022-05-13,2774.0,2774.0,2774.0,2774.0,2774.0,0
2022-05-16,2808.75,2808.75,2808.75,2808.75,2808.75,0
2022-05-17,2860.0,2860.0,2860.0,2860.0,2860.0,0
2022-05-18,2831.25,2831.25,2831.25,2831.25,2831.25,0
2022-05-19,2884.0,2884.0,2884.0,2884.0,2884.0,0
2022-05-20,2927.25,2927.25,2927.25,2927.25,2927.25,0
2022-05-23,2933.25,2933.25,2933.25,2933.25,2933.25,0
2022-05-24,2874.5,2874.5,2874.5,2874.5,2874.5,0
2022-05-25,2848.5,2848.5,2848.5,2848.5,2848.5,0
2022-05-26,2833.25,2833.25,2833.25,2833.25,2833.25,8
2022-05-27,2850.0,2850.0,2850.0,2850.0,2850.0,20
2022-05-31,2763.5,2763.5,2763.5,2763.5,2763.5,3
2022-06-01,2692.25,2692.25,2692.25,2692.25,2692.25,2
2022-06-02,2692.0,2692.0,2692.0,2692.0,2692.0,7
2022-06-03,2692.0,2692.0,2692.0,2692.0,2692.0,0
2022-06-06,2747.5,2747.5,2747.5,2747.5,2747.5,0
2022-06-07,2742.5,2742.5,2742.5,2742.5,2742.5,0
2022-06-08,2786.75,2786.75,2786.75,2786.75,2786.75,0
2022-06-09,2727.75,2727.75,2727.75,2727.75,2727.75,0
2022-06-10,2638.75,2638.75,2638.75,2638.75,2638.75,15
2022-06-13,2601.0,2601.0,2601.0,2601.0,2601.0,15
2022-06-14,2531.25,2531.25,2531.25,2531.25,2531.25,15
2022-06-15,2562.25,2562.25,2562.25,2562.25,2562.25,15
2022-06-16,2474.25,2474.25,2474.25,2474.25,2474.25,15
2022-06-17,2461.0,2461.0,2461.0,2461.0,2461.0,15
2022-06-21,2490.0,2490.0,2490.0,2490.0,2490.0,10
2022-06-22,2434.75,2434.75,2434.75,2434.75,2434.75,10
2022-06-23,2436.0,2436.0,2436.0,2436.0,2436.0,10
2022-06-24,2411.5,2411.5,2411.5,2411.5,2411.5,10
2022-06-27,2460.75,2460.75,2460.75,2460.75,2460.75,10
2022-06-28,2440.5,2440.5,2440.5,2440.5,2440.5,1
2022-06-29,2422.75,2422.75,2422.75,2422.75,2422.75,50
2022-06-30,2401.5,2401.5,2401.5,2401.5,2401.5,22
2022-07-01,2389.25,2389.25,2389.25,2389.25,2389.25,22
2022-07-05,2342.0,2342.0,2342.0,2342.0,2342.0,22
2022-07-06,2354.75,2354.75,2354.75,2354.75,2354.75,22
2022-07-07,2386.75,2386.75,2386.75,2386.75,2386.75,22
2022-07-08,2383.75,2383.75,2383.75,2383.75,2383.75,22
2022-07-11,2341.25,2341.25,2341.25,2341.25,2341.25,17
2022-07-12,2321.75,2321.75,2321.75,2321.75,2321.75,17
2022-07-13,2330.75,2330.75,2330.75,2330.75,2330.75,5
2022-07-14,2367.0,2367.0,2367.0,2367.0,2367.0,5
2022-07-15,2380.0,2380.0,2380.0,2380.0,2380.0,5
2022-07-18,2461.5,2461.5,2461.5,2461.5,2461.5,10
2022-07-19,2399.5,2399.5,2397.5,2397.5,2397.5,6
2022-07-20,2435.25,2435.25,2435.25,2435.25,2435.25,16
2022-07-21,2427.5,2427.5,2427.5,2427.5,2427.5,16
2022-07-22,2484.75,2484.75,2483.0,2483.0,2483.0,16
2022-07-25,2426.25,2426.25,2426.25,2426.25,2426.25,5
2022-07-26,2435.5,2435.5,2435.5,2435.5,2435.5,0
2022-07-27,2427.5,2427.5,2427.5,2427.5,2427.5,38
2022-07-28,2370.5,2457.0,2370.5,2457.0,2457.0,1
2022-07-29,2463.5,2463.5,2463.5,2463.5,2463.5,12
2022-08-01,2407.25,2407.25,2407.25,2407.25,2407.25,12
2022-08-02,2386.5,2386.5,2386.5,2386.5,2386.5,12
2022-08-03,2349.5,2349.5,2349.5,2349.5,2349.5,12
2022-08-04,2372.75,2372.75,2372.75,2372.75,2372.75,12
2022-08-05,2396.75,2396.75,2396.75,2396.75,2396.75,12
2022-08-08,2427.5,2427.5,2427.5,2427.5,2427.5,12
2022-08-09,2470.75,2470.75,2470.75,2470.75,2470.75,8
2022-08-10,2472.75,2472.75,2472.75,2472.75,2472.75,8
2022-08-11,2505.25,2505.25,2505.25,2505.25,2505.25,8
2022-08-12,2421.75,2421.75,2421.75,2421.75,2421.75,8
2022-08-15,2377.0,2377.0,2377.0,2377.0,2377.0,8
2022-08-16,2381.0,2381.0,2381.0,2381.0,2381.0,8
2022-08-17,2397.75,2397.75,2397.75,2397.75,2397.75,8
2022-08-18,2393.5,2393.5,2393.5,2393.5,2393.5,8
2022-08-19,2371.75,2371.75,2371.75,2371.75,2371.75,8
2022-08-22,2377.25,2377.25,2377.25,2377.25,2377.25,8
2022-08-23,2412.5,2412.5,2412.5,2412.5,2412.5,8
2022-08-24,2420.25,2420.25,2420.25,2420.25,2420.25,8
2022-08-25,2422.5,2422.5,2422.5,2422.5,2422.5,8
2022-08-26,2484.0,2484.0,2484.0,2484.0,2484.0,8
2022-08-29,2481.25,2481.25,2481.25,2481.25,2481.25,4
2022-08-30,2373.5,2373.5,2373.5,2373.5,2373.5,0
2022-08-31,2341.75,2341.75,2341.75,2341.75,2341.75,0
2022-09-01,2277.25,2277.25,2277.25,2277.25,2277.25,0
2022-09-02,2276.5,2276.5,2276.5,2276.5,2276.5,0
2022-09-06,2248.0,2248.0,2248.0,2248.0,2248.0,0
2022-09-07,2221.0,2221.0,2221.0,2221.0,2221.0,0
2022-09-08,2240.25,2240.25,2240.25,2240.25,2240.25,0
2022-09-09,2275.75,2275.75,2275.75,2275.75,2275.75,0
2022-09-12,2272.5,2272.5,2272.5,2272.5,2272.5,0
2022-09-13,2299.5,2299.5,2299.5,2299.5,2299.5,0
2022-09-14,2259.25,2259.25,2259.25,2259.25,2259.25,0
2022-09-15,2290.75,2290.75,2290.75,2290.75,2290.75,0
2022-09-16,2264.25,2264.25,2264.25,2264.25,2264.25,0
2022-09-19,2235.5,2235.5,2235.5,2235.5,2235.5,0
2022-09-20,2228.25,2228.25,2228.25,2228.25,2228.25,1
2022-09-21,2179.75,2179.75,2179.75,2179.75,2179.75,1
2022-09-22,2207.75,2207.75,2207.75,2207.75,2207.75,1
2022-09-23,2157.5,2157.5,2157.5,2157.5,2157.5,1
2022-09-26,2126.25,2126.25,2126.25,2126.25,2126.25,1
2022-09-27,2098.75,2098.75,2098.75,2098.75,2098.75,1
2022-09-28,2114.25,2114.25,2114.25,2114.25,2114.25,56
2022-09-29,2192.75,2192.75,2192.75,2192.75,2192.75,26
2022-09-30,2157.25,2157.25,2157.25,2157.25,2157.25,14
2022-10-03,2213.0,2213.0,2213.0,2213.0,2213.0,1
2022-10-04,2347.25,2347.25,2347.25,2347.25,2347.25,5
2022-10-05,2359.25,2359.25,2359.25,2359.25,2359.25,0
2022-10-06,2355.0,2355.0,2355.0,2355.0,2355.0,0
2022-10-07,2295.75,2295.75,2295.75,2295.75,2295.75,1
2022-10-10,2258.0,2258.0,2258.0,2258.0,2258.0,0
2022-10-11,2245.25,2245.25,2245.25,2245.25,2245.25,5
2022-10-12,2312.25,2312.25,2312.25,2312.25,2312.25,0
2022-10-13,2388.0,2388.0,2388.0,2388.0,2388.0,0
2022-10-14,2337.75,2337.75,2337.75,2337.75,2337.75,0
2022-10-17,2259.75,2259.75,2259.75,2259.75,2259.75,0
2022-10-18,2204.5,2204.5,2204.5,2204.5,2204.5,0
2022-10-19,2187.0,2187.0,2187.0,2187.0,2187.0,0
2022-10-20,2228.25,2228.25,2228.25,2228.25,2228.25,0
2022-10-21,2223.5,2223.5,2223.5,2223.5,2223.5,2
2022-10-24,2192.75,2192.75,2192.75,2192.75,2192.75,0
2022-10-25,2228.5,2228.5,2228.5,2228.5,2228.5,0
2022-10-26,2352.5,2352.5,2352.5,2352.5,2352.5,0
2022-10-27,2307.25,2307.25,2307.25,2307.25,2307.25,18
2022-10-28,2270.0,2270.0,2210.75,2210.75,2210.75,18
2022-10-31,2229.0,2229.0,2229.0,2229.0,2229.0,16
2022-11-01,2259.5,2259.5,2259.5,2259.5,2259.5,0
2022-11-02,2266.5,2266.5,2266.5,2266.5,2266.5,2
2022-11-03,2282.25,2282.25,2282.25,2282.25,2282.25,0
2022-11-04,2380.25,2380.25,2380.25,2380.25,2380.25,3
2022-11-07,2354.5,2354.5,2354.5,2354.5,2354.5,0
2022-11-08,2391.25,2391.25,2391.25,2391.25,2391.25,0
2022-11-09,2329.75,2329.75,2329.75,2329.75,2329.75,0
2022-11-10,2351.5,2351.5,2351.5,2351.5,2351.5,2
2022-11-11,2475.0,2475.0,2475.0,2475.0,2475.0,0
2022-11-14,2460.75,2460.75,2460.75,2460.75,2460.75,0
2022-11-15,2437.0,2437.0,2437.0,2437.0,2437.0,9
2022-11-16,2412.5,2412.5,2412.5,2412.5,2412.5,0
2022-11-17,2393.0,2393.0,2393.0,2393.0,2393.0,0
2022-11-18,2428.0,2428.0,2428.0,2428.0,2428.0,0
2022-11-21,2379.5,2379.5,2379.5,2379.5,2379.5,4
2022-11-22,2428.75,2428.75,2428.75,2428.75,2428.75,4
2022-11-23,2392.0,2392.0,2392.0,2392.0,2392.0,4
2022-11-25,2367.25,2367.25,2367.25,2367.25,2367.25,4
2022-11-28,2362.0,2362.0,2362.0,2362.0,2362.0,0
2022-11-29,2365.25,2365.25,2365.25,2365.25,2365.25,17
2022-11-30,2460.5,2460.5,2460.5,2460.5,2460.5,36
2022-12-01,2472.25,2472.25,2472.25,2472.25,2472.25,0
2022-12-02,2535.0,2535.0,2535.0,2535.0,2535.0,10
2022-12-05,2509.0,2509.0,2509.0,2509.0,2509.0,3
2022-12-06,2503.5,2503.5,2503.5,2503.5,2503.5,1
2022-12-07,2484.25,2484.25,2484.25,2484.25,2484.25,0
2022-12-08,2496.5,2496.5,2496.5,2496.5,2496.5,0
2022-12-09,2465.25,2465.25,2465.25,2465.25,2465.25,0
2022-12-12,2409.25,2409.25,2409.25,2409.25,2409.25,0
2022-12-13,2458.25,2458.25,2458.25,2458.25,2458.25,0
2022-12-14,2431.0,2431.0,2431.0,2431.0,2431.0,0
2022-12-15,2383.0,2383.0,2383.0,2383.0,2383.0,0
2022-12-16,2388.5,2388.5,2388.5,2388.5,2388.5,3
2022-12-19,2364.25,2364.25,2364.25,2364.25,2364.25,3
2022-12-20,2377.0,2377.0,2377.0,2377.0,2377.0,3
2022-12-21,2402.0,2402.0,2402.0,2402.0,2402.0,3
2022-12-22,2421.5,2421.5,2421.5,2421.5,2421.5,3
2022-12-23,2413.5,2413.5,2413.5,2413.5,2413.5,3
2022-12-27,2411.25,2411.25,2411.25,2411.25,2411.25,3
2022-12-28,2396.0,2396.0,2396.0,2396.0,2396.0,24
2022-12-29,2426.5,2426.5,2426.5,2426.5,2426.5,408
2022-12-30,2418.0,2418.0,2410.25,2410.25,2410.25,4
2023-01-03,2325.25,2325.25,2325.25,2325.25,2325.25,0
2023-01-04,2270.0,2270.0,2270.0,2270.0,2270.0,8
2023-01-05,2262.75,2262.75,2262.75,2262.75,2262.75,8
2023-01-06,2285.25,2285.25,2285.25,2285.25,2285.25,8
2023-01-09,2443.25,2443.25,2443.25,2443.25,2443.25,8
2023-01-10,2465.0,2465.0,2465.0,2465.0,2465.0,8
2023-01-11,2506.25,2506.25,2506.25,2506.25,2506.25,8
2023-01-12,2551.0,2551.0,2551.0,2551.0,2551.0,8
2023-01-13,2602.0,2602.0,2602.0,2602.0,2602.0,8
2023-01-17,2628.25,2628.25,2628.25,2628.25,2628.25,8
2023-01-18,2643.75,2643.75,2643.75,2643.75,2643.75,8
2023-01-19,2589.75,2589.75,2589.75,2589.75,2589.75,8
2023-01-20,2608.75,2608.75,2608.75,2608.75,2608.75,8
2023-01-23,2650.5,2650.5,2650.5,2650.5,2650.5,2
2023-01-24,2665.0,2665.0,2665.0,2665.0,2665.0,2
2023-01-25,2670.75,2670.75,2670.75,2670.75,2670.75,0
2023-01-26,2656.5,2656.5,2656.5,2656.5,2656.5,0
2023-01-27,2638.75,2638.75,2638.75,2638.75,2638.75,16
2023-01-30,2595.0,2595.0,2595.0,2595.0,2595.0,16
2023-01-31,2639.0,2639.0,2639.0,2639.0,2639.0,16
2023-02-01,2608.5,2608.5,2608.5,2608.5,2608.5,4
2023-02-02,2605.5,2605.5,2605.5,2605.5,2605.5,4
2023-02-03,2550.0,2550.0,2550.0,2550.0,2550.0,4
2023-02-06,2515.75,2515.75,2515.75,2515.75,2515.75,4
2023-02-07,2518.5,2518.5,2518.5,2518.5,2518.5,4
2023-02-08,2468.25,2468.25,2468.25,2468.25,2468.25,5
2023-02-09,2487.5,2487.5,2487.5,2487.5,2487.5,22
2023-02-10,2429.0,2429.0,2429.0,2429.0,2429.0,0
2023-02-13,2389.0,2389.0,2389.0,2389.0,2389.0,0
2023-02-14,2381.0,2381.0,2381.0,2381.0,2381.0,5
2023-02-15,2354.75,2354.75,2354.75,2354.75,2354.75,11
2023-02-16,2362.5,2362.5,2362.5,2362.5,2362.5,0
2023-02-17,2343.75,2343.75,2343.75,2343.75,2343.75,0
2023-02-21,2411.5,2411.5,2411.5,2411.5,2411.5,0
2023-02-22,2361.5,2361.5,2361.5,2361.5,2361.5,5
2023-02-23,2339.75,2339.75,2339.75,2339.75,2339.75,0
2023-02-24,2294.5,2294.5,2294.5,2294.5,2294.5,132
2023-02-27,2327.0,2327.0,2327.0,2327.0,2327.0,44
2023-02-28,2323.5,2323.5,2323.5,2323.5,2323.5,0
2023-03-01,2379.25,2379.25,2379.25,2379.25,2379.25,7
2023-03-02,2367.25,2367.25,2367.25,2367.25,2367.25,0
2023-03-03,2369.75,2369.75,2369.75,2369.75,2369.75,0
2023-03-06,2368.75,2368.75,2368.75,2368.75,2368.75,0
2023-03-07,2328.75,2328.75,2328.75,2328.75,2328.75,0
2023-03-08,2327.5,2327.5,2327.5,2327.5,2327.5,6
2023-03-09,2306.0,2306.0,2306.0,2306.0,2306.0,0
2023-03-10,2291.75,2291.75,2291.75,2291.75,2291.75,0
2023-03-13,2299.5,2299.5,2299.5,2299.5,2299.5,10
2023-03-14,2316.75,2316.75,2316.75,2316.75,2316.75,0
2023-03-15,2242.5,2242.5,2233.5,2242.5,2242.5,2
2023-03-16,2233.25,2233.25,2233.25,2233.25,2233.25,2
2023-03-17,2229.25,2229.25,2229.25,2229.25,2229.25,0
2023-03-20,2240.5,2261.0,2240.5,2240.5,2240.5,2
2023-03-21,2243.75,2243.75,2243.75,2243.75,2243.75,0
2023-03-22,2266.25,2266.25,2266.25,2266.25,2266.25,0
2023-03-23,2298.5,2298.5,2298.5,2298.5,2298.5,11
2023-03-24,2308.0,2308.0,2308.0,2308.0,2308.0,14
2023-03-27,2341.75,2341.75,2341.75,2341.75,2341.75,62
2023-03-28,2370.25,2370.25,2370.25,2370.25,2370.25,23
2023-03-29,2360.0,2360.0,2360.0,2360.0,2360.0,228
2023-03-30,2363.5,2363.5,2363.5,2363.5,2363.5,156
2023-03-31,2383.75,2383.75,2383.75,2383.75,2383.75,75
2023-04-03,2378.75,2378.75,2378.75,2378.75,2378.75,16
2023-04-04,2348.25,2348.25,2348.25,2348.25,2348.25,16
2023-04-05,2315.5,2315.5,2315.5,2315.5,2315.5,30
2023-04-06,2325.0,2325.0,2325.0,2325.0,2325.0,0
2023-04-10,2324.75,2324.75,2324.75,2324.75,2324.75,16
2023-04-11,2295.25,2295.25,2295.25,2295.25,2295.25,19
2023-04-12,2316.0,2316.0,2316.0,2316.0,2316.0,16
2023-04-13,2365.75,2365.75,2365.75,2365.75,2365.75,22
2023-04-14,2379.0,2379.0,2379.0,2379.0,2379.0,16
2023-04-17,2375.0,2377.75,2375.0,2377.75,2377.75,23
2023-04-18,2428.75,2428.75,2428.75,2428.75,2428.75,16
2023-04-19,2442.5,2442.5,2442.5,2442.5,2442.5,16
2023-04-20,2422.25,2422.25,2422.25,2422.25,2422.25,16
2023-04-21,2386.75,2386.75,2386.75,2386.75,2386.75,18
2023-04-24,2375.25,2375.25,2375.25,2375.25,2375.25,16
2023-04-25,2329.25,2329.25,2329.25,2329.25,2329.25,16
2023-04-26,2318.5,2318.5,2318.5,2318.5,2318.5,16
2023-04-27,2311.5,2311.5,2311.5,2311.5,2311.5,96
2023-04-28,2314.75,2380.25,2314.75,2359.75,2359.75,31
2023-05-01,2390.75,2390.75,2390.75,2390.75,2390.75,13
2023-05-02,2382.75,2382.75,2382.75,2382.75,2382.75,18
2023-05-03,2355.0,2355.0,2330.75,2330.75,2330.75,16
2023-05-04,2300.5,2300.5,2300.5,2300.5,2300.5,16
2023-05-05,2329.5,2329.5,2329.5,2329.5,2329.5,16
2023-05-08,2314.25,2314.25,2314.25,2314.25,2314.25,16
2023-05-09,2333.75,2333.75,2333.75,2333.75,2333.75,16
2023-05-10,2284.75,2284.75,2284.75,2284.75,2284.75,16
2023-05-11,2216.5,2216.5,2216.5,2216.5,2216.5,16
2023-05-12,2238.25,2238.25,2238.25,2238.25,2238.25,18
2023-05-15,2254.5,2254.5,2250.25,2250.25,2250.25,21
2023-05-16,2260.0,2260.0,2260.0,2260.0,2260.0,16
2023-05-17,2295.75,2295.75,2295.75,2295.75,2295.75,16
2023-05-18,2286.75,2286.75,2286.75,2286.75,2286.75,16
2023-05-19,2300.0,2300.0,2287.0,2300.0,2300.0,17
2023-05-22,2290.5,2290.5,2290.5,2290.5,2290.5,23
2023-05-23,2240.5,2255.0,2240.25,2255.0,2255.0,19
2023-05-24,2228.5,2231.25,2228.5,2230.0,2230.0,21
2023-05-25,2231.5,2233.25,2231.5,2233.25,2233.25,16
2023-05-26,2245.0,2245.0,2245.0,2245.0,2245.0,228
2023-05-30,2227.75,2227.75,2227.75,2227.75,2227.75,39
2023-05-31,2255.5,2255.5,2255.5,2255.5,2255.5,18
2023-06-01,2299.25,2299.25,2299.25,2299.25,2299.25,16
2023-06-02,2269.5,2269.5,2269.5,2269.5,2269.5,16
2023-06-05,2240.5,2240.5,2240.5,2240.5,2240.5,16
2023-06-06,2204.75,2204.75,2204.75,2204.75,2204.75,16
2023-06-07,2209.25,2209.25,2197.0,2207.25,2207.25,78
2023-06-08,2240.75,2240.75,2240.75,2240.75,2240.75,16
2023-06-09,2254.25,2254.25,2254.25,2254.25,2254.25,16
2023-06-12,2211.25,2211.25,2211.25,2211.25,2211.25,16
2023-06-13,2220.75,2220.75,2220.75,2220.75,2220.75,20
2023-06-14,2243.75,2243.75,2243.75,2243.75,2243.75,26
2023-06-15,2227.75,2227.75,2227.75,2227.75,2227.75,16
2023-06-16,2252.5,2252.5,2252.5,2252.5,2252.5,16
2023-06-20,2217.5,2217.5,2217.5,2217.5,2217.5,16
2023-06-21,2223.0,2223.0,2223.0,2223.0,2223.0,16
2023-06-22,2203.0,2203.0,2203.0,2203.0,2203.0,16
2023-06-23,2168.25,2168.25,2168.25,2168.25,2168.25,30
2023-06-26,2149.5,2149.5,2149.5,2149.5,2149.5,16
2023-06-27,2170.0,2173.0,2159.5,2170.0,2170.0,166
2023-06-28,2148.25,2148.25,2148.25,2148.25,2148.25,100
2023-06-29,2135.25,2140.0,2126.0,2126.0,2126.0,109
2023-06-30,2097.0,2129.25,2097.0,2114.75,2114.75,93
2023-07-03,2111.5,2114.0,2111.5,2112.75,2112.75,18
2023-07-05,2120.0,2120.75,2119.25,2119.25,2119.25,18
2023-07-06,2111.0,2111.0,2103.0,2103.0,2103.0,21
2023-07-07,2111.25,2111.25,2111.25,2111.25,2111.25,16
2023-07-10,2115.5,2115.5,2115.5,2115.5,2115.5,16
2023-07-11,2127.5,2127.5,2127.5,2127.5,2127.5,16
2023-07-12,2193.75,2193.75,2193.75,2193.75,2193.75,16
2023-07-13,2242.0,2242.0,2242.0,2242.0,2242.0,16
2023-07-14,2235.0,2235.0,2235.0,2235.0,2235.0,16
2023-07-17,2207.0,2207.0,2207.0,2207.0,2207.0,36
2023-07-18,2164.25,2164.25,2164.25,2164.25,2164.25,26
2023-07-19,2137.25,2137.25,2137.25,2137.25,2137.25,16
2023-07-20,2143.25,2143.25,2143.25,2143.25,2143.25,16
2023-07-21,2148.0,2148.0,2148.0,2148.0,2148.0,16
2023-07-24,2153.75,2153.75,2153.75,2153.75,2153.75,16
2023-07-25,2184.0,2184.0,2184.0,2184.0,2184.0,15
2023-07-26,2155.5,2155.5,2155.5,2155.5,2155.5,15
2023-07-27,2151.75,2151.75,2151.75,2151.75,2151.75,26
2023-07-28,2177.5,2184.5,2177.5,2178.5,2178.5,44
2023-07-31,2230.5,2230.5,2230.5,2230.5,2230.5,21
2023-08-01,2198.5,2198.5,2198.5,2198.5,2198.5,34
2023-08-02,2150.5,2150.5,2150.5,2150.5,2150.5,33
2023-08-03,2168.25,2168.25,2168.25,2168.25,2168.25,33
2023-08-04,2172.0,2172.0,2172.0,2172.0,2172.0,20
2023-08-07,2166.75,2166.75,2166.75,2166.75,2166.75,16
2023-08-08,2133.0,2133.0,2133.0,2133.0,2133.0,20
2023-08-09,2122.75,2122.75,2122.75,2122.75,2122.75,20
2023-08-10,2134.25,2165.0,2134.25,2154.75,2154.75,214
2023-08-11,2115.25,2115.25,2115.25,2115.25,2115.25,22
2023-08-14,2081.0,2081.0,2081.0,2081.0,2081.0,22
2023-08-15,2075.5,2075.5,2075.5,2075.5,2075.5,23
2023-08-16,2073.25,2073.25,2073.25,2073.25,2073.25,22
2023-08-17,2090.5,2090.5,2090.5,2090.5,2090.5,22
2023-08-18,2081.0,2081.0,2081.0,2081.0,2081.0,20
2023-08-21,2082.75,2082.75,2082.75,2082.75,2082.75,20
2023-08-22,2114.25,2114.25,2114.25,2114.25,2114.25,20
2023-08-23,2131.0,2131.0,2131.0,2131.0,2131.0,20
2023-08-24,2111.25,2111.25,2111.25,2111.25,2111.25,24
2023-08-25,2108.75,2108.75,2108.75,2108.75,2108.75,56
2023-08-28,2139.25,2139.25,2139.25,2139.25,2139.25,0
2023-08-29,2125.25,2125.25,2125.25,2125.25,2125.25,45
2023-08-30,2143.5,2171.0,2143.5,2165.25,2165.25,45
2023-08-31,2175.5,2175.5,2175.5,2175.5,2175.5,20
2023-09-01,2189.5,2216.5,2189.5,2216.25,2216.25,57
2023-09-05,2173.5,2180.0,2172.5,2180.0,2180.0,37
2023-09-06,2193.5,2199.5,2173.0,2175.5,2175.5,86
2023-09-07,2173.5,2173.5,2168.5,2171.25,2171.25,57
2023-09-08,2154.75,2154.75,2154.75,2154.75,2154.75,25
2023-09-11,2179.25,2179.25,2179.25,2179.25,2179.25,20
2023-09-12,2182.0,2192.25,2172.0,2192.25,2192.25,75
2023-09-13,2198.5,2203.5,2188.25,2201.25,2201.25,26
2023-09-14,2208.0,2208.0,2202.25,2202.25,2202.25,24
2023-09-15,2166.75,2167.25,2160.0,2167.25,2167.25,31
2023-09-18,2202.0,2202.0,2202.0,2202.0,2202.0,24
2023-09-19,2188.75,2188.75,2188.75,2188.75,2188.75,20
2023-09-20,2236.0,2236.0,2236.0,2236.0,2236.0,55
2023-09-21,2188.75,2188.75,2188.75,2188.75,2188.75,20
2023-09-22,2215.5,2215.5,2215.5,2215.5,2215.5,20
2023-09-25,2209.0,2209.0,2209.0,2209.0,2209.0,27
2023-09-26,2228.25,2228.25,2228.25,2228.25,2228.25,68
2023-09-27,2215.0,2232.75,2215.0,2232.75,2232.75,4
2023-09-28,2262.5,2271.75,2262.5,2271.75,2271.75,37
2023-09-29,2339.0,2340.0,2329.5,2329.5,2329.5,94
2023-10-02,2310.25,2310.25,2310.25,2310.25,2310.25,20
2023-10-03,2274.75,2287.0,2273.0,2287.0,2287.0,5
2023-10-04,2242.25,2242.25,2242.25,2242.25,2242.25,20
2023-10-05,2224.5,2224.5,2224.5,2224.5,2224.5,20
2023-10-06,2227.25,2227.25,2227.25,2227.25,2227.25,24
2023-10-09,2224.75,2224.75,2224.75,2224.75,2224.75,20
2023-10-10,2202.25,2202.25,2198.0,2198.0,2198.0,23
2023-10-11,2196.25,2196.25,2196.25,2196.25,2196.25,20
2023-10-12,2185.5,2185.5,2185.5,2185.5,2185.5,21
2023-10-13,2181.5,2181.5,2181.5,2181.5,2181.5,20
2023-10-16,2169.25,2169.25,2169.25,2169.25,2169.25,20
2023-10-17,2166.5,2166.5,2166.5,2166.5,2166.5,20
2023-10-18,2175.75,2175.75,2175.75,2175.75,2175.75,20
2023-10-19,2184.0,2184.0,2184.0,2184.0,2184.0,20
2023-10-20,2177.0,2177.0,2177.0,2177.0,2177.0,20
2023-10-23,2174.25,2174.25,2174.25,2174.25,2174.25,20
2023-10-24,2184.0,2184.0,2184.0,2184.0,2184.0,20
2023-10-25,2213.25,2213.25,2213.25,2213.25,2213.25,20
2023-10-26,2193.5,2193.5,2193.5,2193.5,2193.5,20
2023-10-27,2222.75,2222.75,2222.75,2222.75,2222.75,25
2023-10-30,2246.5,2266.0,2245.5,2263.75,2263.75,99
2023-10-31,2257.0,2257.0,2251.5,2251.5,2251.5,22
2023-11-01,2235.25,2235.25,2235.25,2235.25,2235.25,20
2023-11-02,2221.25,2221.25,2221.25,2221.25,2221.25,20
2023-11-03,2246.0,2246.0,2246.0,2246.0,2246.0,20
2023-11-06,2271.75,2282.25,2271.75,2275.5,2275.5,22
2023-11-07,2250.75,2251.5,2250.75,2251.5,2251.5,1
2023-11-08,2251.25,2251.25,2251.25,2251.25,2251.25,20
2023-11-09,2232.0,2232.0,2232.0,2232.0,2232.0,20
2023-11-10,2206.0,2206.0,2206.0,2206.0,2206.0,20
2023-11-13,2216.5,2216.5,2216.5,2216.5,2216.5,20
2023-11-14,2202.0,2209.0,2191.25,2204.0,2204.0,29
2023-11-15,2199.75,2199.75,2199.75,2199.75,2199.75,26
2023-11-16,2179.75,2179.75,2179.75,2179.75,2179.75,20
2023-11-17,2177.5,2177.5,2177.5,2177.5,2177.5,24
2023-11-20,2205.5,2208.0,2205.5,2208.0,2208.0,24
2023-11-21,2219.25,2219.25,2219.25,2219.25,2219.25,20
2023-11-22,2188.0,2188.0,2188.0,2188.0,2188.0,20
2023-11-24,2191.0,2200.25,2191.0,2200.25,2200.25,22
2023-11-27,2209.5,2209.5,2175.5,2184.75,2184.75,25
2023-11-28,2188.5,2188.5,2188.5,2188.5,2188.5,27
2023-11-29,2171.5,2171.5,2171.5,2171.5,2171.5,26
2023-11-30,2160.25,2160.25,2160.25,2160.25,2160.25,20
2023-12-01,2174.5,2174.5,2174.5,2174.5,2174.5,20
2023-12-04,2148.75,2148.75,2148.75,2148.75,2148.75,20
2023-12-05,2126.0,2126.0,2126.0,2126.0,2126.0,20
2023-12-06,2109.75,2109.75,2109.75,2109.75,2109.75,20
2023-12-07,2092.5,2092.5,2092.5,2092.5,2092.5,35
2023-12-08,2133.0,2133.0,2109.0,2109.0,2109.0,25
2023-12-11,2093.5,2093.5,2082.75,2093.25,2093.25,24
2023-12-12,2093.25,2093.25,2093.25,2093.25,2093.25,20
2023-12-13,2094.5,2113.5,2094.5,2113.5,2113.5,22
2023-12-14,2175.0,2175.0,2175.0,2175.0,2175.0,21
2023-12-15,2207.5,2207.5,2207.5,2207.5,2207.5,20
2023-12-18,2237.75,2237.75,2237.75,2237.75,2237.75,21
2023-12-19,2224.25,2224.25,2209.75,2211.25,2211.25,23
2023-12-20,2187.75,2187.75,2187.75,2187.75,2187.75,20
2023-12-21,2184.25,2184.25,2184.25,2184.25,2184.25,20
2023-12-22,2268.0,2268.0,2268.0,2268.0,2268.0,21
2023-12-26,2251.5,2251.5,2251.5,2251.5,2251.5,0
2023-12-27,2327.5,2327.5,2327.5,2327.5,2327.5,12
2023-12-28,2317.0,2327.0,2313.0,2319.0,2319.0,57
2023-12-29,2332.5,2346.5,2332.25,2332.25,2332.25,33
2024-01-02,2284.5,2284.5,2278.75,2278.75,2278.75,23
2024-01-03,2251.0,2251.0,2251.0,2251.0,2251.0,33
2024-01-04,2218.75,2218.75,2218.25,2218.25,2218.25,22
2024-01-05,2203.0,2203.0,2203.0,2203.0,2203.0,20
2024-01-08,2168.5,2168.5,2168.5,2168.5,2168.5,20
2024-01-09,2180.25,2189.0,2180.25,2182.5,2182.5,26
2024-01-10,2181.75,2181.75,2178.5,2178.5,2178.5,25
2024-01-11,2179.75,2179.75,2179.75,2179.75,2179.75,0
2024-01-12,2167.5,2167.5,2167.5,2167.5,2167.5,99
2024-01-16,2161.75,2161.75,2161.75,2161.75,2161.75,177
2024-01-17,2148.75,2148.75,2148.75,2148.75,2148.75,83
2024-01-18,2136.5,2136.5,2136.5,2136.5,2136.5,20
2024-01-19,2127.5,2127.5,2127.5,2127.5,2127.5,20
2024-01-22,2127.5,2127.5,2127.5,2127.5,2127.5,20
2024-01-23,2184.25,2184.25,2184.25,2184.25,2184.25,20
2024-01-24,2186.25,2186.25,2186.25,2186.25,2186.25,20
2024-01-25,2194.5,2194.5,2194.5,2194.5,2194.5,20
2024-01-26,2226.0,2226.0,2226.0,2226.0,2226.0,20
2024-01-29,2219.5,2219.5,2219.5,2219.5,2219.5,22
2024-01-30,2227.5,2227.5,2227.5,2227.5,2227.5,23
2024-01-31,2234.5,2243.0,2234.5,2235.5,2235.5,49
2024-02-01,2215.0,2215.0,2203.5,2209.25,2209.25,335
2024-02-02,2196.75,2196.75,2196.75,2196.75,2196.75,3
2024-02-05,2176.75,2176.75,2176.75,2176.75,2176.75,0
2024-02-06,2199.0,2199.0,2199.0,2199.0,2199.0,2
2024-02-07,2188.5,2188.5,2188.5,2188.5,2188.5,0
2024-02-08,2189.75,2189.75,2189.75,2189.75,2189.75,0
2024-02-09,2182.0,2182.0,2182.0,2182.0,2182.0,0
2024-02-12,2191.25,2191.25,2191.25,2191.25,2191.25,0
2024-02-13,2186.0,2186.0,2186.0,2186.0,2186.0,0
2024-02-14,2202.0,2202.0,2202.0,2202.0,2202.0,0
2024-02-15,2186.5,2186.5,2186.5,2186.5,2186.5,0
2024-02-16,2176.25,2176.25,2176.25,2176.25,2176.25,0
2024-02-20,2148.5,2148.5,2148.5,2148.5,2148.5,0
2024-02-21,2175.5,2175.5,2175.5,2175.5,2175.5,0
2024-02-22,2144.25,2144.25,2144.25,2144.25,2144.25,0
2024-02-23,2131.25,2131.25,2131.25,2131.25,2131.25,0
2024-02-26,2129.25,2129.25,2129.25,2129.25,2129.25,0
2024-02-27,2131.75,2131.75,2131.75,2131.75,2131.75,13
2024-02-28,2132.0,2132.0,2128.0,2132.0,2132.0,14
2024-02-29,2167.5,2167.5,2164.0,2167.5,2167.5,59
2024-03-01,2177.0,2188.5,2177.0,2188.5,2188.5,9
2024-03-04,2173.0,2174.75,2159.0,2174.75,2174.75,58
2024-03-05,2168.0,2176.5,2166.25,2166.25,2166.25,27
2024-03-06,2167.5,2200.0,2163.0,2189.75,2189.75,134
2024-03-07,2201.5,2201.5,2201.5,2201.5,2201.5,0
2024-03-08,2200.0,2204.0,2193.5,2193.5,2193.5,18
2024-03-11,2210.5,2210.5,2210.5,2210.5,2210.5,0
2024-03-12,2216.5,2216.5,2216.5,2216.5,2216.5,0
2024-03-13,2207.5,2218.0,2202.25,2211.0,2211.0,11
2024-03-14,2193.0,2193.0,2193.0,2193.0,2193.0,0
2024-03-15,2214.0,2214.0,2214.0,2214.0,2214.0,0
2024-03-18,2213.5,2213.5,2213.5,2213.5,2213.5,0
2024-03-19,2203.5,2203.5,2203.5,2203.5,2203.5,1
2024-03-20,2212.75,2212.75,2212.75,2212.75,2212.75,1
2024-03-21,2237.0,2237.0,2237.0,2237.0,2237.0,0
2024-03-22,2251.25,2251.25,2251.25,2251.25,2251.25,0
2024-03-25,2268.0,2268.0,2268.0,2268.0,2268.0,0
2024-03-26,2246.0,2246.0,2246.0,2246.0,2246.0,10
2024-03-27,2245.0,2247.0,2243.25,2247.0,2247.0,74
2024-03-28,2284.25,2284.25,2284.25,2284.25,2284.25,0
2024-04-01,2289.25,2289.25,2289.25,2289.25,2289.25,0
2024-04-02,2326.5,2326.5,2326.5,2326.5,2326.5,0
2024-04-03,2352.25,2372.0,2352.25,2372.0,2372.0,7
2024-04-04,2386.75,2386.75,2386.75,2386.75,2386.75,7
2024-04-05,2395.25,2395.25,2395.25,2395.25,2395.25,7
2024-04-08,2405.5,2405.5,2405.5,2405.5,2405.5,7
2024-04-09,2401.5,2407.25,2400.75,2407.25,2407.25,9
2024-04-10,2428.25,2428.25,2397.25,2397.25,2397.25,1
2024-04-11,2398.75,2398.75,2398.75,2398.75,2398.75,0
2024-04-12,2436.25,2436.25,2436.25,2436.25,2436.25,0
2024-04-15,2492.0,2560.5,2492.0,2521.25,2521.25,43
2024-04-16,2497.5,2515.75,2497.5,2515.75,2515.75,9
2024-04-17,2545.25,2591.0,2545.25,2590.5,2590.5,26
2024-04-18,2601.5,2601.5,2601.5,2601.5,2601.5,26
2024-04-19,2681.75,2682.0,2680.0,2680.0,2680.0,6
2024-04-22,2660.75,2673.25,2660.75,2660.75,2660.75,16
2024-04-23,2572.0,2572.0,2572.0,2572.0,2572.0,1
2024-04-24,2601.75,2601.75,2599.75,2600.75,2600.75,3
2024-04-25,2593.75,2593.75,2526.0,2526.0,2526.0,6
2024-04-26,2554.75,2554.75,2554.75,2554.75,2554.75,5
2024-04-29,2566.0,2566.0,2566.0,2566.0,2566.0,0
2024-04-30,2561.25,2561.25,2561.25,2561.25,2561.25,0
2024-05-01,2537.75,2537.75,2537.75,2537.75,2537.75,0
2024-05-02,2491.75,2491.75,2491.75,2491.75,2491.75,0
2024-05-03,2512.25,2512.25,2512.25,2512.25,2512.25,0
2024-05-06,2554.25,2554.25,2554.25,2554.25,2554.25,0
2024-05-07,2527.0,2527.0,2527.0,2527.0,2527.0,1
2024-05-08,2503.75,2503.75,2503.75,2503.75,2503.75,0
2024-05-09,2510.5,2510.5,2510.5,2510.5,2510.5,0
2024-05-10,2488.25,2488.25,2488.25,2488.25,2488.25,0
2024-05-13,2493.75,2493.75,2493.75,2493.75,2493.75,0
2024-05-14,2491.5,2491.5,2491.5,2491.5,2491.5,1
2024-05-15,2533.5,2533.5,2533.5,2533.5,2533.5,1
2024-05-16,2529.0,2529.0,2529.0,2529.0,2529.0,1
2024-05-17,2533.5,2533.5,2533.5,2533.5,2533.5,8
2024-05-20,2557.5,2557.5,2557.5,2557.5,2557.5,0
2024-05-21,2651.0,2651.0,2651.0,2651.0,2651.0,0
2024-05-22,2568.0,2568.0,2568.0,2568.0,2568.0,0
2024-05-23,2550.25,2550.25,2550.25,2550.25,2550.25,0
2024-05-24,2588.25,2588.25,2588.25,2588.25,2588.25,0
2024-05-28,2654.75,2654.75,2654.75,2654.75,2654.75,0
2024-05-29,2703.5,2703.5,2703.5,2703.5,2703.5,30
2024-05-30,2648.0,2648.0,2648.0,2648.0,2648.0,14
2024-05-31,2591.5,2591.5,2591.5,2591.5,2591.5,11
2024-06-03,2601.75,2601.75,2601.75,2601.75,2601.75,0
2024-06-04,2599.5,2599.5,2599.5,2599.5,2599.5,5
2024-06-05,2563.0,2563.0,2558.25,2558.25,2558.25,80
2024-06-06,2592.75,2592.75,2592.75,2592.75,2592.75,20
2024-06-07,2507.75,2507.75,2507.75,2507.75,2507.75,0
2024-06-10,2499.5,2499.5,2499.5,2499.5,2499.5,0
2024-06-11,2459.25,2459.25,2459.25,2459.25,2459.25,0
2024-06-12,2496.75,2496.75,2496.75,2496.75,2496.75,0
2024-06-13,2477.0,2477.0,2477.0,2477.0,2477.0,0
2024-06-14,2440.75,2440.75,2440.75,2440.75,2440.75,0
2024-06-17,2425.5,2425.5,2425.5,2425.5,2425.5,0
2024-06-18,2416.5,2416.5,2416.5,2416.5,2416.5,0
2024-06-20,2441.75,2441.75,2441.75,2441.75,2441.75,0
2024-06-21,2432.25,2432.25,2432.25,2432.25,2432.25,0
2024-06-24,2423.0,2423.0,2423.0,2423.0,2423.0,0
2024-06-25,2421.25,2421.25,2421.25,2421.25,2421.25,1
2024-06-26,2434.5,2434.5,2434.5,2434.5,2434.5,296
2024-06-27,2434.75,2436.0,2434.75,2436.0,2436.0,2
2024-06-28,2457.25,2457.25,2457.25,2457.25,2457.25,0
2024-07-01,2457.25,2457.25,2439.75,2444.25,2444.25,22
2024-07-02,2450.0,2450.0,2450.0,2450.0,2450.0,0
2024-07-03,2483.75,2483.75,2483.75,2483.75,2483.75,2
2024-07-05,2457.5,2457.5,2457.5,2457.5,2457.5,3
2024-07-08,2457.0,2458.0,2456.25,2456.25,2456.25,7
2024-07-09,2419.25,2420.25,2419.25,2420.25,2420.25,1
2024-07-10,2409.0,2410.0,2400.0,2400.0,2400.0,6
2024-07-11,2390.25,2390.25,2390.25,2390.25,2390.25,0
2024-07-12,2388.25,2388.25,2388.25,2388.25,2388.25,0
2024-07-15,2362.0,2362.0,2362.0,2362.0,2362.0,6
2024-07-16,2314.5,2314.5,2314.5,2314.5,2314.5,0
2024-07-17,2313.25,2313.25,2313.25,2313.25,2313.25,0
2024-07-18,2292.75,2292.75,2292.75,2292.75,2292.75,0
2024-07-19,2263.5,2263.5,2263.5,2263.5,2263.5,0
2024-07-22,2210.5,2210.5,2210.5,2210.5,2210.5,0
2024-07-23,2211.5,2211.5,2211.5,2211.5,2211.5,0
2024-07-24,2219.0,2219.0,2219.0,2219.0,2219.0,0
2024-07-25,2188.0,2188.0,2188.0,2188.0,2188.0,0
2024-07-26,2212.0,2212.0,2212.0,2212.0,2212.0,0
2024-07-29,2163.5,2163.5,2163.5,2163.5,2163.5,11
2024-07-30,2125.0,2125.0,2125.0,2125.0,2125.0,33
2024-07-31,2189.0,2189.0,2189.0,2189.0,2189.0,140
2024-08-01,2176.25,2176.25,2176.25,2176.25,2176.25,64
2024-08-02,2155.0,2155.0,2155.0,2155.0,2155.0,0
2024-08-05,2134.75,2134.75,2134.75,2134.75,2134.75,3
2024-08-06,2181.0,2181.0,2181.0,2181.0,2181.0,49
2024-08-07,2177.25,2177.25,2177.25,2177.25,2177.25,49
2024-08-08,2167.0,2167.0,2167.0,2167.0,2167.0,49
2024-08-09,2181.75,2182.25,2181.75,2182.25,2182.25,14
2024-08-12,2199.0,2199.0,2199.0,2199.0,2199.0,14
2024-08-13,2211.0,2211.0,2211.0,2211.0,2211.0,14
2024-08-14,2211.0,2211.0,2211.0,2211.0,2211.0,14
2024-08-15,2237.0,2237.0,2237.0,2237.0,2237.0,14
2024-08-16,2235.5,2235.5,2235.5,2235.5,2235.5,3
2024-08-19,2308.75,2308.75,2308.75,2308.75,2308.75,3
2024-08-20,2357.0,2357.0,2357.0,2357.0,2357.0,3
2024-08-21,2346.75,2346.75,2346.75,2346.75,2346.75,3
2024-08-22,2350.25,2350.25,2350.25,2350.25,2350.25,3
2024-08-23,2419.5,2419.5,2419.5,2419.5,2419.5,3
2024-08-26,2412.5,2412.5,2412.5,2412.5,2412.5,3
2024-08-27,2418.25,2418.25,2418.25,2418.25,2418.25,3
2024-08-28,2363.0,2363.0,2363.0,2363.0,2363.0,14
2024-08-29,2344.75,2344.75,2344.75,2344.75,2344.75,148
2024-08-30,2367.5,2367.5,2342.5,2342.5,2342.5,61
2024-09-03,2294.5,2294.5,2294.5,2294.5,2294.5,0
2024-09-04,2288.0,2309.25,2279.25,2293.0,2293.0,87
2024-09-05,2269.5,2269.5,2269.5,2269.5,2269.5,87
2024-09-06,2269.25,2289.5,2258.0,2258.0,2258.0,78
2024-09-09,2257.5,2257.5,2257.5,2257.5,2257.5,78
2024-09-10,2259.5,2259.5,2259.5,2259.5,2259.5,78
2024-09-11,2297.5,2300.0,2297.5,2300.0,2300.0,66
2024-09-12,2334.5,2334.5,2334.5,2334.5,2334.5,66
2024-09-13,2380.0,2380.0,2380.0,2380.0,2380.0,66
2024-09-16,2437.25,2437.5,2432.0,2437.5,2437.5,4
2024-09-17,2430.25,2430.25,2430.25,2430.25,2430.25,16
2024-09-18,2437.5,2437.5,2418.5,2437.5,2437.5,10
2024-09-19,2463.25,2463.25,2463.25,2463.25,2463.25,4
2024-09-20,2402.25,2402.25,2402.25,2402.25,2402.25,4
2024-09-23,2408.0,2408.0,2408.0,2408.0,2408.0,4
2024-09-24,2484.5,2484.5,2484.5,2484.5,2484.5,4
2024-09-25,2451.75,2465.0,2451.75,2451.75,2451.75,5
2024-09-26,2543.0,2543.0,2543.0,2543.0,2543.0,10
2024-09-27,2579.0,2579.0,2579.0,2579.0,2579.0,244
2024-09-30,2534.25,2534.25,2534.25,2534.25,2534.25,0
2024-10-01,2564.75,2564.75,2564.75,2564.75,2564.75,0
2024-10-02,2580.5,2580.5,2580.5,2580.5,2580.5,2
2024-10-03,2551.25,2551.25,2551.25,2551.25,2551.25,2
2024-10-04,2583.75,2583.75,2583.75,2583.75,2583.75,5
2024-10-07,2590.5,2590.5,2590.5,2590.5,2590.5,0
2024-10-08,2496.25,2496.25,2496.25,2496.25,2496.25,0
2024-10-09,2463.0,2463.0,2463.0,2463.0,2463.0,0
2024-10-10,2520.75,2520.75,2520.75,2520.75,2520.75,0
2024-10-11,2569.75,2569.75,2569.75,2569.75,2569.75,0
2024-10-14,2533.75,2533.75,2533.75,2533.75,2533.75,0
2024-10-15,2508.0,2515.5,2500.0,2515.5,2515.5,5
2024-10-16,2525.25,2525.25,2525.25,2525.25,2525.25,0
2024-10-17,2503.75,2503.75,2503.75,2503.75,2503.75,0
2024-10-18,2566.25,2566.25,2566.25,2566.25,2566.25,11
2024-10-21,2541.5,2541.5,2541.5,2541.5,2541.5,0
2024-10-22,2574.5,2574.5,2574.5,2574.5,2574.5,0
2024-10-23,2612.25,2612.25,2612.25,2612.25,2612.25,0
2024-10-24,2597.25,2597.25,2597.25,2597.25,2597.25,0
2024-10-25,2629.0,2629.0,2629.0,2629.0,2629.0,0
2024-10-28,2590.5,2590.5,2590.5,2590.5,2590.5,6
2024-10-29,2606.0,2606.0,2606.0,2606.0,2606.0,62
2024-10-30,2594.5,2594.5,2563.0,2563.0,2563.0,15
2024-10-31,2560.5,2560.5,2560.5,2560.5,2560.5,0
2024-11-01,2535.25,2546.25,2524.5,2546.25,2546.25,33
2024-11-04,2543.75,2560.75,2542.75,2560.75,2560.75,54
2024-11-05,2616.75,2616.75,2616.75,2616.75,2616.75,0
2024-11-06,2548.75,2548.75,2548.75,2548.75,2548.75,0
2024-11-07,2654.5,2654.5,2652.0,2654.5,2654.5,12
2024-11-08,2561.75,2561.75,2561.75,2561.75,2561.75,79
2024-11-11,2502.5,2502.5,2502.5,2502.5,2502.5,18
2024-11-12,2471.0,2473.0,2471.0,2471.0,2471.0,18
2024-11-13,2462.0,2465.0,2452.25,2452.25,2452.25,14
2024-11-14,2428.5,2428.5,2428.5,2428.5,2428.5,0
2024-11-15,2566.75,2566.75,2566.75,2566.75,2566.75,0
2024-11-18,2535.5,2535.5,2535.5,2535.5,2535.5,0
2024-11-19,2574.25,2575.25,2548.0,2575.25,2575.25,13
2024-11-20,2573.25,2573.25,2573.25,2573.25,2573.25,2
2024-11-21,2570.5,2570.5,2570.5,2570.5,2570.5,1
2024-11-22,2556.0,2556.0,2556.0,2556.0,2556.0,0
2024-11-25,2580.75,2580.75,2580.75,2580.75,2580.75,0
2024-11-26,2555.25,2555.25,2555.25,2555.25,2555.25,14
2024-11-27,2556.5,2556.5,2556.5,2556.5,2556.5,0
2024-11-29,2526.0,2575.5,2526.0,2562.0,2562.0,12
2024-12-02,2559.0,2559.0,2559.0,2559.0,2559.0,0
2024-12-03,2590.5,2590.5,2590.5,2590.5,2590.5,0
2024-12-04,2625.25,2625.25,2625.25,2625.25,2625.25,0
2024-12-05,2614.25,2614.25,2614.25,2614.25,2614.25,0
2024-12-06,2549.0,2549.0,2549.0,2549.0,2549.0,0
2024-12-09,2524.5,2524.5,2524.5,2524.5,2524.5,3
2024-12-10,2518.25,2518.25,2518.25,2518.25,2518.25,0
2024-12-11,2535.0,2535.0,2535.0,2535.0,2535.0,0
2024-12-12,2535.5,2535.5,2535.5,2535.5,2535.5,0
2024-12-13,2521.25,2521.25,2521.25,2521.25,2521.25,0
2024-12-16,2488.75,2488.75,2488.75,2488.75,2488.75,0
2024-12-17,2464.0,2464.0,2464.0,2464.0,2464.0,4
2024-12-18,2467.0,2467.0,2467.0,2467.0,2467.0,60
2024-12-19,2448.25,2448.25,2448.25,2448.25,2448.25,12
2024-12-20,2481.0,2481.0,2481.0,2481.0,2481.0,10
2024-12-23,2477.25,2477.25,2477.25,2477.25,2477.25,10
2024-12-24,2520.25,2532.0,2520.25,2532.0,2532.0,3
2024-12-26,2507.0,2507.0,2507.0,2507.0,2507.0,3
2024-12-27,2530.0,2530.0,2530.0,2530.0,2530.0,0
2024-12-30,2528.25,2545.25,2528.25,2545.25,2545.25,4
2024-12-31,2538.5,2538.5,2505.5,2521.75,2521.75,14
2025-01-02,2498.25,2498.25,2498.25,2498.25,2498.25,0
2025-01-03,2473.75,2473.75,2458.0,2458.0,2458.0,66
2025-01-06,2469.25,2469.25,2469.25,2469.25,2469.25,10
2025-01-07,2491.75,2491.75,2491.75,2491.75,2491.75,40
2025-01-08,2467.0,2467.0,2467.0,2467.0,2467.0,0
2025-01-09,2504.25,2507.5,2501.25,2507.5,2507.5,2
2025-01-10,2549.25,2549.25,2549.25,2549.25,2549.25,0
2025-01-13,2568.5,2568.5,2568.5,2568.5,2568.5,0
2025-01-14,2571.75,2571.75,2571.75,2571.75,2571.75,1
2025-01-15,2608.25,2608.25,2608.25,2608.25,2608.25,0
2025-01-16,2655.5,2655.5,2655.5,2655.5,2655.5,0
2025-01-17,2686.75,2686.75,2686.75,2686.75,2686.75,0
2025-01-21,2663.5,2663.5,2663.5,2663.5,2663.5,0
2025-01-22,2638.5,2638.5,2638.5,2638.5,2638.5,0
2025-01-23,2634.5,2634.5,2634.5,2634.5,2634.5,9
2025-01-24,2657.75,2657.75,2648.5,2657.75,2657.75,5
2025-01-27,2602.75,2602.75,2602.75,2602.75,2602.75,0
2025-01-28,2563.0,2563.0,2563.0,2563.0,2563.0,1
2025-01-29,2612.25,2612.25,2612.25,2612.25,2612.25,0
2025-01-30,2618.75,2618.75,2618.75,2618.75,2618.75,0
2025-01-31,2586.0,2586.0,2586.0,2586.0,2586.0,1
2025-02-03,2617.0,2617.0,2597.25,2617.0,2617.0,1
2025-02-04,2631.0,2631.0,2631.0,2631.0,2631.0,1
2025-02-05,2601.5,2601.5,2601.5,2601.5,2601.5,0
2025-02-06,2620.75,2620.75,2613.0,2620.75,2620.75,6
2025-02-07,2632.75,2632.75,2623.75,2623.75,2623.75,2
2025-02-10,2637.0,2645.25,2634.75,2636.25,2636.25,10
2025-02-11,2616.5,2622.0,2604.0,2620.75,2620.75,7
2025-02-12,2559.25,2587.5,2559.25,2587.5,2587.5,1
2025-02-13,2571.75,2571.75,2571.75,2571.75,2571.75,0
2025-02-14,2633.0,2633.0,2599.5,2612.25,2612.25,12
2025-02-18,2638.25,2638.25,2638.25,2638.25,2638.25,2
2025-02-19,2663.75,2663.75,2643.5,2652.5,2652.5,6
2025-02-20,2677.75,2692.25,2677.75,2692.25,2692.25,5
2025-02-21,2654.5,2694.0,2654.5,2694.0,2694.0,17
2025-02-24,2620.25,2620.25,2620.25,2620.25,2620.25,4
2025-02-25,2585.5,2585.5,2585.5,2585.5,2585.5,1
2025-02-26,2597.25,2597.25,2597.25,2597.25,2597.25,0
2025-02-27,2596.25,2596.25,2596.25,2596.25,2596.25,5
2025-02-28,2561.5,2561.5,2561.5,2561.5,2561.5,10
2025-03-03,2567.75,2567.75,2567.75,2567.75,2567.75,2
2025-03-04,2575.75,2575.75,2575.75,2575.75,2575.75,0
2025-03-05,2610.0,2610.0,2610.0,2610.0,2610.0,0
2025-03-06,2656.75,2656.75,2656.75,2656.75,2656.75,0
2025-03-07,2661.5,2661.5,2661.5,2661.5,2661.5,0
2025-03-10,2651.0,2651.0,2651.0,2651.0,2651.0,0
2025-03-11,2649.0,2649.0,2649.0,2649.0,2649.0,0
2025-03-12,2648.75,2648.75,2648.75,2648.75,2648.75,0
2025-03-13,2645.25,2645.25,2645.25,2645.25,2645.25,0
2025-03-14,2624.5,2624.5,2624.5,2624.5,2624.5,0
2025-03-17,2633.25,2633.25,2633.25,2633.25,2633.25,0
2025-03-18,2596.75,2596.75,2596.75,2596.75,2596.75,0
2025-03-19,2604.0,2604.0,2604.0,2604.0,2604.0,0
2025-03-20,2597.5,2597.5,2597.5,2597.5,2597.5,5
2025-03-21,2553.5,2553.5,2553.5,2553.5,2553.5,0
2025-03-24,2538.5,2538.5,2538.5,2538.5,2538.5,0
2025-03-25,2526.75,2526.75,2526.75,2526.75,2526.75,0
2025-03-26,2533.5,2533.5,2533.5,2533.5,2533.5,0
2025-03-27,2479.0,2479.0,2479.0,2479.0,2479.0,7
2025-03-28,2459.5,2459.5,2459.5,2459.5,2459.5,2
2025-03-31,2432.25,2432.25,2432.25,2432.25,2432.25,1
2025-04-01,2400.5,2400.5,2400.5,2400.5,2400.5,0
2025-04-02,2366.5,2366.5,2366.5,2366.5,2366.5,0
2025-04-03,2296.25,2296.25,2296.25,2296.25,2296.25,1
2025-04-04,2209.5,2209.5,2209.5,2209.5,2209.5,0
2025-04-07,2199.25,2199.25,2199.25,2199.25,2199.25,5
2025-04-08,2197.0,2230.5,2177.25,2190.75,2190.75,26
2025-04-09,2164.25,2170.0,2155.0,2166.25,2166.25,9
2025-04-10,2248.75,2264.5,2248.75,2251.0,2251.0,29
2025-04-11,2322.5,2370.0,2300.0,2300.0,2300.0,43
2025-04-14,2322.5,2328.75,2306.75,2306.75,2306.75,57
2025-04-15,2317.5,2317.5,2317.5,2317.5,2317.5,0
2025-04-16,2310.5,2310.5,2310.5,2310.5,2310.5,0
2025-04-17,2307.5,2307.5,2307.5,2307.5,2307.5,0
2025-04-21,2330.5,2330.5,2330.5,2330.5,2330.5,0
2025-04-22,2303.25,2303.25,2303.25,2303.25,2303.25,2
2025-04-23,2345.75,2345.75,2345.75,2345.75,2345.75,4
2025-04-24,2390.0,2390.0,2390.0,2390.0,2390.0,1
2025-04-25,2351.25,2351.25,2351.25,2351.25,2351.25,0
2025-04-28,2347.5,2347.5,2347.5,2347.5,2347.5,93
2025-04-29,2345.0,2354.0,2345.0,2354.0,2354.0,3
2025-04-30,2292.75,2292.75,2292.75,2292.75,2292.75,7
2025-05-01,2293.25,2293.25,2293.25,2293.25,2293.25,0
2025-05-02,2307.75,2307.75,2307.75,2307.75,2307.75,0
2025-05-05,2306.75,2306.75,2306.75,2306.75,2306.75,0
2025-05-06,2310.25,2310.25,2310.25,2310.25,2310.25,0
2025-05-07,2263.5,2278.5,2263.5,2269.75,2269.75,9
2025-05-08,2294.25,2294.25,2294.25,2294.25,2294.25,9
2025-05-09,2309.25,2309.25,2309.25,2309.25,2309.25,9
2025-05-12,2382.0,2382.0,2382.0,2382.0,2382.0,9
2025-05-13,2400.75,2400.75,2400.75,2400.75,2400.75,9
2025-05-14,2457.25,2457.25,2457.25,2457.25,2457.25,9
2025-05-15,2403.5,2403.5,2403.5,2403.5,2403.5,9
2025-05-16,2389.75,2389.75,2389.75,2389.75,2389.75,9
2025-05-19,2355.25,2355.25,2355.25,2355.25,2355.25,9
2025-05-20,2372.25,2372.25,2372.25,2372.25,2372.25,9
2025-05-21,2374.25,2374.25,2374.25,2374.25,2374.25,9
2025-05-22,2350.25,2350.25,2350.25,2350.25,2350.25,9
2025-05-23,2357.5,2357.5,2357.5,2357.5,2357.5,9
2025-05-27,2373.5,2373.5,2373.5,2373.5,2373.5,9
2025-05-28,2358.25,2358.25,2358.25,2358.25,2358.25,25
2025-05-29,2383.5,2383.5,2344.25,2344.25,2344.25,1
2025-05-30,2348.5,2348.5,2348.5,2348.5,2348.5,1
2025-06-02,2381.75,2381.75,2381.75,2381.75,2381.75,0
2025-06-03,2371.0,2371.0,2371.0,2371.0,2371.0,0
2025-06-04,2395.0,2395.0,2390.75,2390.75,2390.75,3
2025-06-05,2406.0,2410.25,2404.0,2404.0,2404.0,18
2025-06-06,2365.75,2365.75,2365.75,2365.75,2365.75,16
2025-06-09,2394.75,2394.75,2394.75,2394.75,2394.75,0
2025-06-10,2419.25,2419.25,2419.25,2419.25,2419.25,0
2025-06-11,2443.0,2443.0,2443.0,2443.0,2443.0,0
2025-06-12,2439.75,2439.75,2439.75,2439.75,2439.75,6
2025-06-13,2436.0,2436.0,2436.0,2436.0,2436.0,8
2025-06-16,2441.0,2441.0,2441.0,2441.0,2441.0,0
2025-06-17,2479.5,2479.5,2479.5,2479.5,2479.5,0
2025-06-18,2503.75,2503.75,2503.75,2503.75,2503.75,0
2025-06-20,2470.75,2470.75,2470.75,2470.75,2470.75,0
2025-06-23,2528.5,2528.5,2528.5,2528.5,2528.5,0
2025-06-24,2507.75,2507.75,2507.75,2507.75,2507.75,0
2025-06-25,2497.25,2497.25,2497.25,2497.25,2497.25,0
2025-06-26,2510.5,2510.5,2510.5,2510.5,2510.5,26
2025-06-27,2487.25,2507.5,2487.25,2507.5,2507.5,13
2025-06-30,2522.25,2522.25,2515.25,2515.25,2515.25,1
2025-07-01,2518.25,2518.25,2518.25,2518.25,2518.25,0
2025-07-02,2530.0,2530.0,2530.0,2530.0,2530.0,0
2025-07-03,2524.75,2524.75,2524.75,2524.75,2524.75,0
2025-07-07,2467.25,2467.25,2467.25,2467.25,2467.25,0
2025-07-08,2469.5,2469.5,2469.5,2469.5,2469.5,0
2025-07-09,2486.25,2486.25,2486.25,2486.25,2486.25,0
2025-07-10,2504.5,2504.5,2504.5,2504.5,2504.5,0
2025-07-11,2491.25,2491.25,2491.25,2491.25,2491.25,0
2025-07-14,2457.25,2481.0,2457.25,2470.25,2470.25,25
2025-07-15,2447.5,2447.5,2447.5,2447.5,2447.5,0
2025-07-16,2433.25,2433.25,2433.25,2433.25,2433.25,0
2025-07-17,2428.75,2447.25,2428.75,2428.75,2428.75,2
2025-07-18,2474.75,2507.25,2474.75,2507.25,2507.25,6
2025-07-21,2549.0,2553.0,2549.0,2552.0,2552.0,6
2025-07-22,2584.25,2584.25,2574.5,2584.25,2584.25,1
2025-07-23,2566.75,2566.75,2566.75,2566.75,2566.75,2
2025-07-24,2564.25,2564.25,2564.25,2564.25,2564.25,0
2025-07-25,2546.5,2546.5,2546.5,2546.5,2546.5,0
2025-07-28,2533.5,2533.5,2533.5,2533.5,2533.5,2
2025-07-29,2507.0,2507.0,2507.0,2507.0,2507.0,7
2025-07-30,2502.5,2502.5,2502.5,2502.5,2502.5,1
2025-07-31,2446.75,2446.75,2446.75,2446.75,2446.75,0
2025-08-01,2432.0,2432.0,2432.0,2432.0,2432.0,0
2025-08-04,2427.0,2427.0,2427.0,2427.0,2427.0,0
2025-08-05,2432.75,2432.75,2432.75,2432.75,2432.75,0
2025-08-06,2483.25,2483.25,2483.25,2483.25,2483.25,0
2025-08-07,2500.0,2500.0,2500.0,2500.0,2500.0,0
2025-08-08,2501.75,2501.75,2501.75,2501.75,2501.75,0
2025-08-11,2469.5,2469.5,2469.5,2469.5,2469.5,0
2025-08-12,2507.75,2507.75,2507.75,2507.75,2507.75,0
2025-08-13,2510.5,2510.5,2510.5,2510.5,2510.5,0
2025-08-14,2501.5,2501.5,2501.5,2501.5,2501.5,0
2025-08-15,2480.75,2480.75,2480.75,2480.75,2480.75,0
2025-08-18,2470.75,2475.0,2458.5,2458.5,2458.5,40
2025-08-19,2428.0,2444.5,2428.0,2428.0,2428.0,5
2025-08-20,2452.25,2461.0,2452.25,2459.75,2459.75,15
2025-08-21,2484.5,2484.5,2484.5,2484.5,2484.5,4
2025-08-22,2506.25,2509.75,2504.75,2505.25,2505.25,9
2025-08-25,2527.0,2527.0,2527.0,2527.0,2527.0,0
2025-08-26,2541.25,2541.25,2541.25,2541.25,2541.25,2
2025-08-27,2506.0,2506.0,2506.0,2506.0,2506.0,61
2025-08-28,2522.0,2522.0,2516.25,2516.25,2516.25,10
2025-08-29,2514.75,2514.75,2514.75,2514.75,2514.75,0
2025-09-02,2482.0,2514.5,2482.0,2514.5,2514.5,2
2025-09-03,2505.5,2505.5,2505.5,2505.5,2505.5,0
2025-09-04,2488.75,2488.75,2485.5,2488.75,2488.75,3
2025-09-05,2495.25,2495.25,2495.25,2495.25,2495.25,0
2025-09-08,2505.5,2511.0,2490.5,2511.0,2511.0,11
2025-09-09,2516.0,2516.0,2516.0,2516.0,2516.0,0
2025-09-10,2508.5,2518.25,2506.0,2518.25,2518.25,14
2025-09-11,2556.0,2587.75,2556.0,2587.75,2587.75,1
2025-09-12,2583.75,2583.75,2583.75,2583.75,2583.75,0
2025-09-15,2591.0,2601.5,2591.0,2591.0,2591.0,11
2025-09-16,2614.75,2614.75,2614.75,2614.75,2614.75,0
2025-09-17,2583.75,2583.75,2583.75,2583.75,2583.75,0
2025-09-18,2579.0,2579.0,2579.0,2579.0,2579.0,0
2025-09-19,2559.75,2559.75,2559.75,2559.75,2559.75,0
2025-09-22,2530.25,2544.75,2530.25,2530.25,2530.25,3
2025-09-23,2536.0,2536.0,2522.0,2522.0,2522.0,23
2025-09-24,2533.5,2533.5,2533.5,2533.5,2533.5,0
2025-09-25,2551.0,2551.0,2551.0,2551.0,2551.0,0
2025-09-26,2544.75,2544.75,2544.75,2544.75,2544.75,0
2025-09-29,2583.5,2583.5,2583.5,2583.5,2583.5,17
2025-09-30,2594.0,2594.0,2594.0,2594.0,2594.0,7
2025-10-01,2597.5,2597.5,2597.5,2597.5,2597.5,0
2025-10-02,2596.5,2596.5,2596.5,2596.5,2596.5,0
2025-10-03,2612.75,2612.75,2612.75,2612.75,2612.75,0
2025-10-06,2636.25,2636.25,2636.25,2636.25,2636.25,1
2025-10-07,2644.0,2662.0,2641.25,2662.0,2662.0,4
2025-10-08,2681.25,2681.25,2673.0,2681.25,2681.25,6
2025-10-09,2727.75,2727.75,2717.0,2727.75,2727.75,16
2025-10-10,2603.5,2603.5,2603.5,2603.5,2603.5,0
2025-10-13,2653.5,2653.5,2653.5,2653.5,2653.5,0
2025-10-14,2636.0,2636.0,2636.0,2636.0,2636.0,17
2025-10-15,2643.0,2643.0,2643.0,2643.0,2643.0,0
2025-10-16,2686.25,2686.25,2686.25,2686.25,2686.25,0
2025-10-17,2683.0,2683.0,2683.0,2683.0,2683.0,0
2025-10-20,2689.25,2689.25,2689.25,2689.25,2689.25,0
2025-10-21,2681.25,2681.25,2681.25,2681.25,2681.25,0
2025-10-22,2708.0,2708.0,2708.0,2708.0,2708.0,0
2025-10-23,2768.75,2768.75,2768.75,2768.75,2768.75,0
2025-10-24,2776.75,2776.75,2776.75,2776.75,2776.75,0
2025-10-27,2800.25,2800.25,2800.25,2800.25,2800.25,0
2025-10-28,2821.5,2821.5,2821.5,2821.5,2821.5,0
2025-10-29,2829.25,2829.25,2829.25,2829.25,2829.25,30
2025-10-30,2815.25,2815.25,2815.25,2815.25,2815.25,0
2025-10-31,2824.75,2824.75,2824.75,2824.75,2824.75,0
2025-11-03,2852.25,2852.25,2852.25,2852.25,2852.25,0
2025-11-04,2778.25,2778.25,2778.25,2778.25,2778.25,3
2025-11-05,2762.75,2762.75,2762.75,2762.75,2762.75,0
2025-11-06,2771.5,2771.5,2771.5,2771.5,2771.5,0
2025-11-07,2775.0,2775.0,2775.0,2775.0,2775.0,2
2025-11-10,2803.0,2803.0,2803.0,2803.0,2803.0,0
2025-11-11,2786.0,2786.0,2786.0,2786.0,2786.0,0
2025-11-12,2815.75,2815.75,2815.75,2815.75,2815.75,0
2025-11-13,2830.0,2830.0,2830.0,2830.0,2830.0,0
2025-11-14,2786.5,2786.5,2786.5,2786.5,2786.5,0
2025-11-17,2732.25,2732.25,2732.25,2732.25,2732.25,0
2025-11-18,2684.0,2684.0,2684.0,2684.0,2684.0,2
2025-11-19,2713.5,2713.5,2713.5,2713.5,2713.5,0
2025-11-20,2728.75,2728.75,2728.75,2728.75,2728.75,0
2025-11-21,2695.25,2695.25,2695.25,2695.25,2695.25,0
2025-11-24,2740.5,2740.5,2740.5,2740.5,2740.5,0
2025-11-25,2725.0,2725.0,2725.0,2725.0,2725.0,4
2025-11-26,2790.25,2790.25,2790.25,2790.25,2790.25,17
2025-11-28,2808.0,2808.0,2808.0,2808.0,2808.0,0
2025-12-01,2843.25,2843.25,2843.25,2843.25,2843.25,0
2025-12-02,2849.75,2849.75,2849.75,2849.75,2849.75,0
2025-12-03,2867.5,2867.5,2867.5,2867.5,2867.5,0
2025-12-04,2877.75,2877.75,2877.75,2877.75,2877.75,0
2025-12-05,2861.0,2861.0,2861.0,2861.0,2861.0,0
2025-12-08,2820.5,2837.25,2820.5,2837.25,2837.25,206
2025-12-09,2792.75,2796.25,2792.75,2796.25,2796.25,89
2025-12-10,2804.5,2804.5,2804.5,2804.5,2804.5,0
2025-12-11,2825.0,2825.0,2825.0,2825.0,2825.0,2
2025-12-12,2788.0,2788.0,2788.0,2788.0,2788.0,0
2025-12-15,2763.5,2763.5,2763.5,2763.5,2763.5,0
2025-12-16,2775.75,2775.75,2775.75,2775.75,2775.75,7
2025-12-17,2816.0,2816.0,2816.0,2816.0,2816.0,0
2025-12-18,2823.75,2823.75,2823.75,2823.75,2823.75,1
2025-12-19,2868.0,2868.0,2868.0,2868.0,2868.0,0
2025-12-22,2850.25,2850.25,2850.25,2850.25,2850.25,2
2025-12-23,2857.5,2857.5,2857.5,2857.5,2857.5,0
2025-12-24,2865.75,2865.75,2865.75,2865.75,2865.75,0
2025-12-26,2924.75,2924.75,2924.75,2924.75,2924.75,0
2025-12-29,2835.5,2835.5,2835.5,2835.5,2835.5,19
2025-12-30,2883.75,2912.25,2864.0,2899.25,2899.25,16
2025-12-31,2906.25,2906.25,2906.25,2906.25,2906.25,0
2026-01-02,2938.0,2938.0,2938.0,2938.0,2938.0,0
2026-01-05,3010.0,3010.0,3010.0,3010.0,3010.0,12
2026-01-06,3053.75,3053.75,3053.75,3053.75,3053.75,0
2026-01-07,2987.0,2993.75,2987.0,2993.75,2993.75,18
2026-01-08,2984.0,3003.0,2964.75,3001.25,3001.25,37
2026-01-09,3037.0,3037.0,3037.0,3037.0,3037.0,2
2026-01-12,3069.5,3086.25,3069.5,3086.25,3086.25,22
2026-01-13,3102.75,3102.75,3102.75,3102.75,3102.75,0
2026-01-14,3087.0,3097.0,3086.25,3086.75,3086.75,21
2026-01-15,3069.5,3069.5,3069.5,3069.5,3069.5,0
2026-01-16,3025.0,3046.5,3025.0,3034.75,3034.75,19
2026-01-20,3028.0,3028.0,3014.5,3015.75,3015.75,7
2026-01-21,3032.25,3032.25,3032.25,3032.25,3032.25,0
2026-01-22,3060.75,3060.75,3060.75,3060.75,3060.75,0
2026-01-23,3097.5,3097.5,3097.5,3097.5,3097.5,0
2026-01-26,3137.0,3137.0,3137.0,3137.0,3137.0,0
2026-01-27,3111.5,3111.5,3111.5,3111.5,3111.5,0
2026-01-28,3165.75,3165.75,3165.75,3165.75,3165.75,2
2026-01-29,3138.5,3138.5,3138.5,3138.5,3138.5,6
2026-01-30,3000.0,3034.5,3000.0,3034.5,3034.5,2
2026-02-02,2924.0,2950.5,2924.0,2926.75,2926.75,25
2026-02-03,3012.5,3020.0,3006.0,3015.0,3015.0,35
2026-02-04,2973.25,2973.25,2973.25,2973.25,2973.25,0
2026-02-05,2930.0,2934.0,2925.25,2925.25,2925.25,10
2026-02-06,3007.25,3012.5,3004.0,3004.0,3004.0,3
2026-02-09,3028.75,3028.75,3028.75,3028.75,3028.75,0
2026-02-10,3021.5,3022.0,3001.0,3001.0,3001.0,3
2026-02-11,3023.0,3023.0,3023.0,3023.0,3023.0,1
2026-02-12,3026.75,3026.75,3026.75,3026.75,3026.75,0
2026-02-13,3015.75,3015.75,3015.75,3015.75,3015.75,4
2026-02-17,2971.5,2971.5,2971.5,2971.5,2971.5,1
2026-02-18,3017.0,3017.0,3017.0,3017.0,3017.0,0
2026-02-19,2992.5,2992.5,2992.5,2992.5,2992.5,0
2026-02-20,3021.75,3021.75,3021.75,3021.75,3021.75,2
2026-02-23,3014.75,3014.75,3014.75,3014.75,3014.75,0
2026-02-24,3020.75,3020.75,3020.75,3020.75,3020.75,0
2026-02-25,3081.75,3081.75,3081.75,3081.75,3081.75,32
2026-02-26,3044.0,3077.0,3044.0,3071.75,3071.75,13
2026-02-27,3044.25,3044.25,3044.25,3044.25,3044.25,0
2026-03-02,3112.0,3112.0,3109.25,3109.25,3109.25,2
2026-03-03,3165.75,3181.0,3165.75,3165.75,3165.75,1
2026-03-04,3298.0,3298.0,3255.25,3279.75,3279.75,17
2026-03-05,3215.75,3215.75,3210.0,3215.75,3215.75,10
2026-03-06,3285.0,3329.25,3278.0,3327.5,3327.5,72
2026-03-09,3292.0,3292.0,3292.0,3292.0,3292.0,0
2026-03-10,3322.0,3322.0,3322.0,3322.0,3322.0,0
2026-03-11,3369.5,3369.5,3369.5,3369.5,3369.5,4
2026-03-12,3464.0,3464.0,3464.0,3464.0,3464.0,13
2026-03-13,3383.25,3383.25,3383.25,3383.25,3383.25,0
2026-03-16,3289.5,3289.5,3289.5,3289.5,3289.5,0
2026-03-17,3291.5,3291.5,3291.5,3291.5,3291.5,4
2026-03-18,3282.25,3282.25,3282.25,3282.25,3282.25,2
2026-03-19,3128.0,3128.0,3119.75,3119.75,3119.75,14
2026-03-20,3102.0,3102.0,3102.0,3102.0,3102.0,0
2026-03-23,3076.0,3076.0,3076.0,3076.0,3076.0,0
2026-03-24,3138.0,3138.0,3138.0,3138.0,3138.0,0
2026-03-25,3135.0,3135.0,3135.0,3135.0,3135.0,1
2026-03-26,3161.5,3161.5,3161.5,3161.5,3161.5,6
2026-03-27,3187.5,3187.5,3187.5,3187.5,3187.5,42
2026-03-30,3336.25,3336.25,3336.25,3336.25,3336.25,4
2026-03-31,3405.5,3405.5,3393.5,3405.5,3405.5,8
2026-04-01,3452.25,3452.25,3452.25,3452.25,3452.25,0
2026-04-02,3411.0,3411.0,3411.0,3411.0,3411.0,0
2026-04-06,3422.0,3422.0,3422.0,3422.0,3422.0,0
2026-04-07,3396.75,3396.75,3396.75,3396.75,3396.75,0
2026-04-08,3374.25,3374.25,3374.25,3374.25,3374.25,2
2026-04-09,3373.75,3373.75,3373.75,3373.75,3373.75,0
2026-04-10,3429.75,3429.75,3429.75,3429.75,3429.75,0
2026-04-13,3582.0,3582.0,3582.0,3582.0,3582.0,0
2026-04-14,3572.75,3572.75,3572.75,3572.75,3572.75,0
2026-04-15,3613.75,3613.75,3613.75,3613.75,3613.75,0
2026-04-16,3647.75,3647.75,3647.75,3647.75,3647.75,1
2026-04-17,3596.75,3596.75,3596.75,3596.75,3596.75,1
2026-04-20,3546.0,3546.0,3546.0,3546.0,3546.0,1
2026-04-21,3555.25,3555.25,3555.25,3555.25,3555.25,0
2026-04-22,3599.0,3599.0,3599.0,3599.0,3599.0,0
2026-04-23,3616.75,3616.75,3616.75,3616.75,3616.75,2
2026-04-24,3629.25,3629.25,3607.75,3607.75,3607.75,10
2026-04-27,3579.75,3579.75,3579.75,3579.75,3579.75,10
2026-04-28,3557.5,3557.5,3557.5,3557.5,3557.5,1
2026-04-29,3466.75,3466.75,3466.75,3466.75,3466.75,0
2026-04-30,3450.5,3450.5,3450.5,3450.5,3450.5,0
2026-05-01,3496.25,3496.25,3496.25,3496.25,3496.25,0
2026-05-04,3489.5,3489.5,3489.5,3489.5,3489.5,0
2026-05-05,3565.25,3565.25,3565.25,3565.25,3565.25,0
2026-05-06,3498.0,3498.0,3498.0,3498.0,3498.0,0
2026-05-07,3464.75,3464.75,3464.75,3464.75,3464.75,1
